title,price,rating,brand,ram,storage,color,processor
"HP Omnibook 3, Snapdragon X Processor 45 Tops (16GB LPDDR5x,512GB SSD) 2K WUXGA, 14''/35.6cm, Win 11, M365*Office 24,Silver,1.42kg, hz0026QU/ hz0024QU, Lighter mini Charger, FHD IR Camera, AI Laptop","69,990",3.4,HP,16GB,512GB,Silver,Snapdragon
"HP 15 (i5 14th Gen), Intel Core 5, 16GB RAM (Upgradeable), 512GB SSD, FHD, Anti-Glare, 15.6''/39.6cm, Win11, M365 Basic(1yr), Office24, Silver,1.59kg, fd0682tu, FHD Camera w/Shutter, Backlit Laptop","75,990",3.6,HP,16GB,512GB,Silver,Intel
"Lenovo V15 G4 AMD Athlon Silver 7120U Laptop 8GB LPDDR5 Ram, 512 GB SSD PCIe, Windows 11 Lifetime Validity,15.6"" FHD Screen, AMD Radeon 610M, Silver, 1 Year Brand Warranty","44,999",4.0,Lenovo,8GB,512GB,Silver,AMD
"Acer Smartchoice Aspire One, AMD Ryzen 3-7320U, 8GB LPDDR5 RAM/ 256GB SSD, 14.0""/35.56cm TN HD Display, Win 11 Home, Pure Silver, 1.48KG, A114-43, Thin and Light Laptop","42,990",3.4,Acer,8GB,256GB,Silver,AMD
"Apple 2026 MacBook Neo 13″ Laptop with A18 Pro chip: Built for AI and Apple Intelligence, Liquid Retina Display, 8GB Unified Memory, 256GB SSD Storage, 1080p FaceTime HD Camera; Silver","73,990",4.7,Apple,8GB,256GB,Silver,N/A
"Dell 15 AI Powered Laptop, Intel Core Ultra 5 225H, 16GB DDR5 RAM, 512GB SSD, 15.6"" FHD Anti-Glare Display, Intel Arc Graphics, Dedicated Copilot Key, Backlit Keyboard, Silver, Win11 Home + MSO H&S'24","87,990",4.1,Dell,16GB,512GB,Silver,Intel
"Dell 15, Intel Core 13th Gen i5-1334U, FHD, 15.6""/39.62cm, Windows 11, MSO'24, Grey, 1.66kg, Vostro 3530, (16GB DDR4, 512GB SSD) Anti-Glare FHD 15.6""/39.62cm, 12 Month McAfee, Thin & Light Laptop","69,990",3.8,Dell,16GB,512GB,Grey,Intel
"Acer Aspire Lite, AMD Ryzen 3-5400U, 8 GB RAM, 512 GB SSD, Full HD 15.6""/39.62 cm, Windows 11 Home, Steel Gray, 1.59 KG, AL15-41, Premium Laptop","42,990",4.2,Acer,RAM,512GB,Gray,AMD
"Dell 15 (Previously Inspiron), R5-7520U Processor, 8GB LPDDR5 RAM, 512GB SSD, FHD 15.6""/39.62 cm Display, Windows 11 Home, Carbon Black, 1.63kg, Standard Keyboard, 15 Month McAfee, Thin & Light Laptop","53,990",2.0,Dell,8GB,512GB,Black,N/A
"Apple 2026 MacBook Neo 13″ Laptop with A18 Pro chip: Built for AI and Apple Intelligence, Liquid Retina Display, 8GB Unified Memory, 256GB SSD Storage, 1080p FaceTime HD Camera; Citrus","73,990",4.8,Apple,8GB,256GB,N/A,N/A
"Acer Smartchoice Aspire One, AMD Ryzen 5-40, 8GB LPDDR5 RAM/ 256GB SSD, 14.0""/35.56cm WXGA Display, Win 11 Home, Pure Silver, 1.48KG, A114-43, Thin and Light Laptop","44,990",4.1,Acer,8GB,256GB,Silver,AMD
"Acer Aspire One, Intel Core Celeron N4500, 8GB LPDDR4 RAM/ 256GB SSD, 14.0""/35.56cm WXGA Display, Intel UHD Graphics, Win 11 Home, Pure Silver, 1.3 Kg, A114-45, Thin and Light Laptop","35,990",1.0,Acer,8GB,256GB,Silver,Intel
"Acer Chromebook, MediaTek Kompanio 540 Octa-Core Processor, 4GB RAM, 64GB eMMC, Full HD, 11.6""/27.94cm Display, Chrome OS, Black, 1.2 KG, C725, Arm Mali G57 Graphics, WiFi 6E Laptop","19,990",5.0,Acer,4GB,N/A,Black,MediaTek
"Apple 2026 MacBook Neo 13"" Laptop with A18 Pro chip: Built for AI and Apple Intelligence, Liquid Retina Display, 8GB Unified Memory, 512GB SSD Storage, 1080p FaceTime HD Camera, Touch ID; Indigo","83,490",4.8,Apple,8GB,512GB,Indigo,N/A
"Acer Aspire 3 Laptop Intel Core Celeron N4500 Processor Laptop (8 GB LPDDR4X SDRAM/256 GB SSD/Win11 Home/38 WHR/HD Webcam) A325-45 with 39.63 cm (15.6"") HD Display, Pure Silver, 1.5 KG","35,690",3.4,Acer,LPDDR4,256GB,Silver,Intel
"ASUS Vivobook 15, Smartchoice,Intel Corei5 13thGen 13420H, 16GB RAM, 512GB SSD, FHD 15.6"", Win11, Office Home'24, M365 Basic (1Year)*, Cool Silver, 1.70kg, X1502VA-BQ835WS, Intel UHD iGPU, Laptop","65,990",4.1,ASUS,16GB,512GB,Silver,Intel
"HP 15 Smartchoice, 13th Gen Intel Core i3-1315U (12GB DDR4, 512GB SSD) FHD, Anti-Glare, Micro-Edge, 15.6''/39.6cm, Win11, M365(1yr)*Office24, Silver, 1.59kg, fd0573TU, FHD Camera w/Shutter Laptop","44,990",4.2,HP,12GB,512GB,Silver,Intel
"Acer One 15 Smart Laptop AO15-41M-G2 | AMD Ryzen 3 7320U | AMD Radeon 610M Graphics | 8GB LPDDR5 RAM | 256GB NVMe SSD | 15.6"" FHD Display | Windows 11 Home | Silver","38,700",2.8,Acer,8GB,N/A,Silver,AMD
"HP Professional 15 (2026), Intel (i3 14th Gen) Core 3 100U - (8 GB DDR5/512 GB SSD/Intel UHD Graphics/Windows 11 Home) Thin & Light Business Laptop/15.6"" Display/Silver/Copilot Key/1.5kg/MSO 2024","50,500",5.0,HP,DDR5,512GB,Silver,Intel
"HP 15 Laptop, AMD Ryzen 7 7730U (16GB DDR4,512GB SSD) Anti-Glare, Micro-Edge,15.6''/39.6cm, FHD, Win11, M365 Basic(1yr),Office Home24,Silver,1.59kg,FHD Camera w/Privacy Shutter, Backlit KB, fc0761AU","69,790",4.0,HP,16GB,512GB,Silver,AMD
"HP Omnibook 5 OLED (Previously Pavilion), Snapdragon X Processor 45 Tops (16GB LPDDR5x, 1TB SSD) 2K,16''/40.6cm, Win11, Office24, Silver, 1.59kg, fb0001QU, Multi-Day Battery AI Laptop","84,990",4.0,HP,16GB,1TB,Silver,Snapdragon
"HP Professional 15 (2026), Intel (i5 14th Gen) Core 5 120U - (8 GB/512 GB SSD/Intel Iris Xe Graphics/Windows 11 Home) Business Laptop/15.6"" FHD/Backlit + Fingerprint/Silver/Copilot Key/1.5kg/MSO 2024","61,490",5.0,HP,N/A,512GB,Silver,Intel
"Apple 2026 MacBook Pro Laptop with M5 Max chip with 18‑core CPU and 32‑core GPU: Built for AI, 35.97 cm (14.2″) Liquid Retina XDR Display, 36GB Unified Memory, 2TB SSD Storage; Space Black","4,64,490",5.0,Apple,36GB,2TB,Black,N/A
"Apple 2026 MacBook Air 13″ Laptop with M5 chip: AI and Apple Intelligence, 34.46 cm (13.6″) Liquid Retina Display, 16GB Unified Memory, 1TB SSD Storage, 12MP Center Stage Camera, Touch ID; Sky Blue","1,72,490",4.7,Apple,16GB,1TB,Blue,N/A
"Apple 2026 MacBook Air 15″ Laptop with M5 chip: AI and Apple Intelligence, 38.91 cm (15.3″) Liquid Retina Display, 24GB Unified Memory, 1TB SSD Storage, 12MP Center Stage Camera, Touch ID; Midnight","2,22,990",5.0,Apple,24GB,1TB,N/A,N/A
"HP Chromebook 14, MediaTek Kompanio 540 (4GB LPDDR5, 128GB UFS) HD, Anti-Glare, Micro-Edge, 14''/35.6cm, ChromeOS, 100 GB Google One(1yr), Modern Gray,1.35kg, nm0004MU, HD Camera w/Shutter Laptop","29,990",N/A,HP,4GB,N/A,Gray,MediaTek
"JioBook 11 with Lifetime Office | Android 4G Laptop Mediatek 8788 (JioOS) | Octa-core | 4GB RAM | 64 eMMC Storage | Thin and Light Laptop (11.6 inch, 990 Grams) | Dual Band WiFi + SIM | Blue","9,999",2.8,JioBook,4GB,N/A,Blue,MediaTek
"HP 15, AMD Ryzen 3 7320U (8GB LPDDR5, 512GB SSD) FHD, Anti-Glare, Micro-Edge, 15.6""/39.6cm, Win 11, Office 21, Silver, 1.59kg, fc0154AU, AMD Radeon Graphics, 1080p FHD Camera Laptop","49,450",4.1,HP,8GB,512GB,Silver,AMD
"Lenovo 14 (2026), Intel Core i5 13th Gen 13420H - (8 GB DDR5/512 GB SSD/Intel UHD Graphics/Windows 11 Pro) Thin and Light Business Laptop/14.0"" FHD Display/Luna Grey/Copilot Key/1.4 kg/MS Office 2024","58,790",N/A,Lenovo,DDR5,512GB,Grey,Intel
"ASUS Chromebook CM1405 (2026), Smartchoice, MediaTek Kompanio 540 Processor, 4GB RAM, 64GB SSD, FHD, 14""(35.5 cm), 60Hz, Chrome OS, Pure Grey, 1.37 Kg, CM1405CM4A-S60034, Thin & Light Laptop","28,990",4.3,ASUS,4GB,64GB,Grey,MediaTek
"Acer Smartchoice Aspire One, AMD Ryzen 3-7320U, 8GB LPDDR5 RAM/ 512GB SSD, 14.0""/35.56cm TN HD Display, Win 11 Home, Pure Silver, 1.48KG, A114-43, Thin and Light Laptop","46,990",3.3,Acer,8GB,512GB,Silver,AMD
"Lenovo V15 G6 AMD Ryzen 7 170 (Coequal 7735HS) 15.6"" (39.62cm) FHD Thin and Light Business Laptop (16GB RAM DDR5/ 512GB SSD/Windows 11/ MS Office 2024/ AMD Radeon Graphics/Luna Grey/ 1.6 kg)","69,999",3.8,Lenovo,16GB,512GB,Grey,AMD
"Acer Smartchoice Aspire One, AMD Ryzen 5-40,Office 2024 + M365 Basic, 8GB LPDDR5 RAM/ 512GB SSD, 14.0""/35.56cm WXGA Display, Win 11 Home, Pure Silver, 1.48KG, A114-43, Thin and Light Laptop","49,990",3.7,Acer,8GB,512GB,Silver,AMD
"Lenovo IdeaPad Slim 3 13th Gen Intel Core i3-1315U 15.6 Inch (39.6cm) FHD Thin & Light Laptop (8GB RAM/512GB SSD/Windows 11/Office Home 2024/Grey/1.62Kg), 82X700HHIN","54,058",4.6,Lenovo,8GB,512GB,Grey,Intel
"HP 15 Smartchoice, 13th Gen Intel Core i5-1334U (16GB DDR4, 1TB SSD) FHD, Anti-Glare, Micro-Edge, 15.6''/39.6cm, Win11, M365(1yr) Office24, Silver, 1.59kg, FD0552TU,Iris Xe, FHD Camera, Backlit Laptop","65,990",3.9,HP,16GB,1TB,Silver,Intel
"Lenovo V15 G4 Laptop with AMD Ryzen 5 7520U, 16GB DDR5 RAM, 512GB SSD, 15.6-inch FHD Display, AMD Radeon Graphics, Windows 11 Home, MS Office 2024, Dolby Audio, Arctic Grey, 1 Year Onsite Warranty","56,800",5.0,Lenovo,16GB,512GB,Grey,AMD
"HP 255 G10 Laptop for Home or Work, 16GB RAM DDR5, 512GB SSD, 15.6"" Full HD, Ryzen 3 7335U (Beats Intel i5-1135G7), HDMI, USB-C","58,990",4.3,HP,16GB,512GB,N/A,Intel
"ASUS Vivobook S14, Intel Core Ultra 5 225H, Intel iGPU,16GB RAM,512GB SSD, FHD+,14"",60Hz,Windows 11,M365 Basic (1Year)*,Office Home 2024,Cool Silver,1.4 Kg, S3407CA-LY060WS, Metallic Design Laptop","82,990",4.2,ASUS,16GB,512GB,Silver,Intel
"Lenovo IdeaPad 1 AMD Ryzen 5 5500U 15.6"" HD Thin and Light Laptop (8GB RAM/512GB SSD/Windows 11 Home/Office Home 2024/1 Year ADP Free/Grey/1.6Kg), 82R4011MIN","55,990",4.1,Lenovo,8GB,512GB,Grey,AMD
"HP 15, AMD Ryzen 5 7520U,(16GB LPDDR5, 512GB SSD), Anti-Glare, Micro-Edge, FHD, 15.6''/39.6cm, Win 11, Office 24,M365 Basic(1yr)*,Silver, 1.59kg, fc0690au, FHD Camera, Backlit KB Laptop","67,400",3.9,HP,16GB,512GB,Silver,AMD
"Lenovo 14 (2026), Intel Core i5 13th Gen 13420H - (16 GB DDR5/512 GB SSD/Intel UHD Graphics/Windows 11 Pro) Thin and Light Business Laptop/14.0"" FHD Display/Luna Grey/Copilot Key/1.4 kg/MS Office 2024","68,890",5.0,Lenovo,DDR5,512GB,Grey,Intel
"HP Omnibook 3, Snapdragon X Processor 45 Tops (16GB LPDDR5x,512GB SSD) 2K WUXGA, 14''/35.6cm, Win 11, M365*Office 24,Silver,1.42kg, hz0026QU/ hz0024QU, Lighter mini Charger, FHD IR Camera, AI Laptop","69,990",3.4,HP,16GB,512GB,Silver,Snapdragon
"Apple 2026 MacBook Pro Laptop with M5 Pro chip with 15‑core CPU and 16‑core GPU: Built for AI, 35.97 cm (14.2″) Liquid Retina XDR Display, 24GB Unified Memory, 2TB SSD Storage; Silver","3,42,490",4.6,Apple,24GB,2TB,Silver,N/A
"Apple 2026 MacBook Air 13″ Laptop with M5 chip: AI and Apple Intelligence, 34.46 cm (13.6″) Liquid Retina Display, 24GB Unified Memory, 1TB SSD Storage, 12MP Center Stage Camera, Touch ID; Midnight","1,94,990",4.8,Apple,24GB,1TB,N/A,N/A
"Lenovo IdeaPad Slim 3, 13th Gen Intel Core i5 13420H, 24GB RAM, 1TB SSD, WUXGA IPS, 15.3""/38.8cm, Windows 11, Office 2024, Grey, 1.6Kg, Backlit Keyboard, 1Yr ADP Free, 83K100PLIN/83K1010FIN, Laptop","87,990",4.2,Lenovo,24GB,1TB,Grey,Intel
"Lenovo 14 (2026), Intel Core i5 13th Gen 13420H - (16 GB DDR5/512 GB SSD/Intel UHD Graphics/Windows 11 Pro) Thin and Light Business Laptop/14.0"" FHD Display/Luna Grey/Copilot Key/1.4 kg/MS Office 2024","68,890",5.0,Lenovo,DDR5,512GB,Grey,Intel
"Dell 15 (Previously Inspiron), R5-7520U Processor, 8GB LPDDR5 RAM, 512GB SSD, FHD 15.6""/39.62 cm Display, Windows 11 Home, Carbon Black, 1.63kg, Standard Keyboard, 15 Month McAfee, Thin & Light Laptop","53,990",2.0,Dell,8GB,512GB,Black,N/A
"Dell 15 AI Powered Laptop, Intel Core Ultra 5 225H, 16GB DDR5 RAM, 512GB SSD, 15.6"" FHD Anti-Glare Display, Intel Arc Graphics, Dedicated Copilot Key, Backlit Keyboard, Silver, Win11 Home + MSO H&S'24","87,990",4.1,Dell,16GB,512GB,Silver,Intel
"Acer Smartchoice Aspire One, AMD Ryzen 5-40, 8GB LPDDR5 RAM/ 512GB SSD, 14.0""/35.56cm WXGA Display, Win 11 Home, Pure Silver, 1.48KG, A114-43, Thin and Light Laptop","47,990",3.8,Acer,8GB,512GB,Silver,AMD
"HP 14 Smartchoice, Intel Core Ultra 5 125H 12 TOPS, 24GB DDR5 (Upgradeable) 1TB SSD, Anti-Glare, FHD, 14''/35.6cm,Win11, M365*Office24, Silver, 1.4kg, ep1180tu, FHD Camera w/Shutter, Backlit AI Laptop","85,990",3.3,HP,24GB,1TB,Silver,Intel
"Apple 2026 MacBook Neo 13″ Laptop with A18 Pro chip: Built for AI and Apple Intelligence, Liquid Retina Display, 8GB Unified Memory, 256GB SSD Storage, 1080p FaceTime HD Camera; Silver","73,990",4.7,Apple,8GB,256GB,Silver,N/A
"Apple 2026 MacBook Neo 13″ Laptop with A18 Pro chip: Built for AI and Apple Intelligence, Liquid Retina Display, 8GB Unified Memory, 256GB SSD Storage, 1080p FaceTime HD Camera; Citrus","73,990",4.8,Apple,8GB,256GB,N/A,N/A
"Acer Aspire 3 (2026), Intel Core i5 13th Gen 1334U - (16 GB/512 GB SSD/Intel UHD Graphics/Windows 11 Home) Thin and Light Laptop/15.6"" FHD IPS Display/Silver/1.5 Kg/MS Office 2024/3 Years Warranty","60,250",5.0,Acer,N/A,512GB,Silver,Intel
"HP 15, Intel Core 5-120U (16GB DDR4, 512GB SSD) FHD, Anti-Glare, Micro-Edge, 15.6''/39.6cm, Win11, M365 Basic(1yr), Office Home24, Silver,1.59kg, fd0682tu, FHD Camera w/Shutter, BL Laptop","68,699",3.0,HP,16GB,512GB,Silver,Intel
"HP OmniBook 5 OLED (Previously Pavilion), Snapdragon X Processor 45 Tops (16GB LPDDR5x, 512GB SSD), 2K 14''/35.6cm, Win11, Office24, Silver, 1.29kg, he0014QU, Multi-Day Battery, AI Laptop","79,990",4.1,HP,16GB,512GB,Silver,Snapdragon
"Apple 2026 MacBook Pro Laptop with M5 Pro chip with 18‑core CPU and 20‑core GPU: Built for AI, 41.05 cm (16.2″) Liquid Retina XDR Display, 24GB Unified Memory, 1TB SSD Storage; Silver","3,42,490",4.5,Apple,24GB,1TB,Silver,N/A
"Primebook 2 Max (2026) | 8GB RAM, 256GB UFS Storage | 15.6-Inch Full HD IPS Display | 12hrs Battery | MediaTek Helio G99 | Android 15 (PrimeOS 3.0) | Backlit Keyboard | in-Built AI (Gray)","32,990",4.3,Primebook,8GB,N/A,Gray,MediaTek
"𝗗𝗲𝗹𝗹Laptop Model 5420 | 𝗜𝗡𝗧𝗘𝗟i5 11th Gen Processor |8GB DDR4 RAM |256GB SSD |14"" FHD Display | Win10 | A+ Condition Laptop (Refab)","37,400",N/A,Unknown,8GB,256GB,N/A,N/A
"HP Chromebook 14, MediaTek Kompanio 540 (4GB LPDDR5, 128GB UFS) HD, Touch, Anti-Glare, Micro-Edge, 14''/35.6cm, ChromeOS, 100GB Google One(1yr),Modern gray,1.35kg, nm0006MU, HD Camera w/shutter Laptop","32,990",N/A,HP,4GB,N/A,gray,MediaTek
"MaxBook 14” FHD Laptop, pentium N4200, 8GB RAM, 256GB SSD, WiFi & Bluetooth, USB 3.2, Mini HDMI, Windows 11 Notebook, Lightweight Laptop for Work & Study","25,640",5.0,MaxBook,8GB,256GB,N/A,N/A
"Lenovo IdeaPad Slim 1, AMD Ryzen 5 5500U, 16GB RAM, 512GB SSD, HD, 15.6"", Windows 11 Home, MS Office 21, Cloud Grey, 1.61Kg, 82R400ERIN, Integrated AMD Graphics, 1Yr ADP Free, Thin and Light Laptop","61,200",4.2,Lenovo,16GB,512GB,Grey,AMD
"HP 14, Intel Core Ultra 5 125H (16GB DDR5, 512GB SSD), Micro-Edge, Anti-Glare, FHD, 14''/35.6cm, Win11, M365* Office24, Silver, 1.4kg, ep1150TU, FHD Camera, Backlit Laptop","77,990",3.7,HP,16GB,512GB,Silver,Intel
"HP 14s Intel Celeron Dual Core N4500 Laptop (8GB/512GB SSD/Win 11) 14.0"" HD Display, MSO 24, Black, 1.46kg, DQ3149TU Thin and Light Business Laptop","42,999",3.2,HP,8GB,512GB,Black,Intel
"HP Smartchoice Victus, 13th Gen Intel Core i7-13620H, 8GB RTX 5060, 24GB DDR5(Upgradeable) 1TB SSD, 144Hz, FHD, 15.6""/39.6cm, Win11, M365(1yr)*Office 24, Mica Silver,2.29Kg,fa2308TX, RGB Gaming Laptop","1,29,990",4.1,HP,8GB,1TB,Silver,Intel
"Lenovo V15 AMD Ryzen 7 7730U 15.6"" (39.62cm) FHD 250 Nits Antiglare Thin and Light Laptop (Free MS Office) Lifetime (16GB/512GB SSD/Windows 11/Iron Grey/1.65 Kg) 1 Year Brand Warranty,","67,999",4.2,Lenovo,16GB,512GB,Grey,AMD
"Lenovo ThinkBook 16, Intel Core Ultra 9 185H, 16GB RAM, 512GB SSD, WUXGA IPS 16” (40.64cm), Win 11 Home, Arctic Grey, 1.7Kg, 21SKA0J5IG, Fingerprint, Backlit, 300 Nits, 1Y Warranty, AI Powered Laptop","98,990",3.7,Lenovo,16GB,512GB,Grey,Intel
"HP Omnibook 3, Snapdragon X Processor 45 Tops (16GB LPDDR5x,512GB SSD) 2K WUXGA, 14''/35.6cm, Win 11, M365*Office 24,Silver,1.42kg, hz0026QU/ hz0024QU, Lighter mini Charger, FHD IR Camera, AI Laptop","69,990",3.4,HP,16GB,512GB,Silver,Snapdragon
"Apple 2026 MacBook Pro Laptop with M5 Max chip with 18‑core CPU and 32‑core GPU: Built for AI, 35.97 cm (14.2″) Liquid Retina XDR Display, 36GB Unified Memory, 2TB SSD Storage; Space Black","4,64,490",5.0,Apple,36GB,2TB,Black,N/A
"Apple 2026 MacBook Air 13″ Laptop with M5 chip: AI and Apple Intelligence, 34.46 cm (13.6″) Liquid Retina Display, 24GB Unified Memory, 1TB SSD Storage, 12MP Center Stage Camera, Touch ID; Midnight","1,94,990",4.8,Apple,24GB,1TB,N/A,N/A
"Acer 15 Smartchoice, AMD Ryzen 3-7320U, 15.6"" Full HD Display, | 8GB DDR5 RAM 5500 Mhz, 256GB SSD New Gen, Windows 11Home, Ms office 21, Antivrus, 1.59KG, Professional Thin and Light Laptop","44,990",5.0,Acer,8GB,256GB,N/A,AMD
"Lenovo ThinkBook 16, Intel Core Ultra 9 185H, 16GB RAM, 512GB SSD, WUXGA IPS 16” (40.64cm), Win 11 Home, Arctic Grey, 1.7Kg, 21SKA0J5IG, Fingerprint, Backlit, 300 Nits, 1Y Warranty, AI Powered Laptop","98,990",3.7,Lenovo,16GB,512GB,Grey,Intel
"Dell 15 (Previously Inspiron), R5-7520U Processor, 8GB LPDDR5 RAM, 512GB SSD, FHD 15.6""/39.62 cm Display, Windows 11 Home, Carbon Black, 1.63kg, Standard Keyboard, 15 Month McAfee, Thin & Light Laptop","53,990",2.0,Dell,8GB,512GB,Black,N/A
"Apple 2026 MacBook Neo 13″ Laptop with A18 Pro chip: Built for AI and Apple Intelligence, Liquid Retina Display, 8GB Unified Memory, 256GB SSD Storage, 1080p FaceTime HD Camera; Silver","73,990",4.7,Apple,8GB,256GB,Silver,N/A
"ASUS Vivobook Go 14 (2026),AMD Ryzen 3 30 Processor,AMD Radeon iGPU,8GB RAM,512GB SSD,FHD,14"" (35.5 cm),Windows 11,M365 Basic(1Y)* Office 2024,Cool Silver,1.38 Kg,E1404FA-EB1224WS,Thin & Light Laptop","48,990",3.5,ASUS,8GB,512GB,Silver,AMD
"ASUS Vivobook 16, Snapdragon X, 16GB RAM, 512GB SSD, FHD+ 16"", Windows 11, Office Home 2024, Cool Silver, 1.88kg, X1607QA-MB050WS, Qualcomm Adreno iGPU, 45TOPS, M365 Basic(1Year)* Laptop","63,990",4.1,ASUS,16GB,512GB,Silver,Snapdragon
"Dell 15 (Previously Inspiron) Laptop, 14th Gen Intel Core i3/Core 3 100U Processor, 16GB DDR4, 512 SSD, Intel UHD Graphics, 15.6"" FHD 120Hz IPS AG 250 nit Display, Win 11 + Office 2024, Black, 1.63Kg","62,490",4.0,Dell,16GB,N/A,Black,Intel
"Apple 2026 MacBook Neo 13″ Laptop with A18 Pro chip: Built for AI and Apple Intelligence, Liquid Retina Display, 8GB Unified Memory, 256GB SSD Storage, 1080p FaceTime HD Camera; Citrus","73,990",4.8,Apple,8GB,256GB,N/A,N/A
"Lenovo LOQ Essential AMD Ryzen 7 7735HS | NVIDIA RTX 4050 6GB (16GB RAM/512GB SSD/144Hz Refresh Rate/15.6"" (39.6cm)/Windows 11/Office Home 2024/3 Mon. Game Pass/Grey/1.8Kg), 83S0009TIN Gaming Laptop","1,32,990",4.0,Lenovo,6GB,512GB,Grey,AMD
"HP Professional 15 (2026), Intel (i3 14th Gen) Core 3 100U - (16 GB/512 GB SSD/Intel UHD Graphics/Windows 11 Home) Thin & Light Business Laptop/15.6"" Display/Turbo Silver/Copilot Key/1.5kg/MS Office","62,500",4.1,HP,N/A,512GB,Silver,Intel
"Dell 15 AI Powered Laptop, Intel Core Ultra 5 225H, 16GB DDR5 RAM, 512GB SSD, 15.6"" FHD Anti-Glare Display, Intel Arc Graphics, Dedicated Copilot Key, Backlit Keyboard, Silver, Win11 Home + MSO H&S'24","87,990",4.1,Dell,16GB,512GB,Silver,Intel
"Apple 2026 MacBook Pro Laptop with M5 Pro chip with 18‑core CPU and 20‑core GPU: Built for AI, 41.05 cm (16.2″) Liquid Retina XDR Display, 24GB Unified Memory, 1TB SSD Storage; Silver","3,42,490",4.5,Apple,24GB,1TB,Silver,N/A
"Lenovo 14 (2026), AMD Ryzen 5 Quad Core 7520U - (8 GB LPDDR5/512 GB SSD/AMD Radeon Graphics/Windows 11 Pro) Thin and Light Business Laptop/14.0"" FHD Display/Arctic Grey/1.4 kg/MS Office 2024","53,490",N/A,Lenovo,LPDDR5,512GB,Grey,AMD
"Lenovo V14 G4 AMD Ryzen 5 7520U 14"" (35.56 cm) FHD Laptop (16GB LPDDR5 RAM/512GB SSD/Windows 11 Home/Ms-Office /2GB AMD Radeon 610M Graphics/Dolby Audio/Arctic Grey/1.43 Kg), 1 Year Warranty","56,690",3.6,Lenovo,16GB,512GB,Grey,AMD
"Lenovo V14 Intel Core i3 13th Gen 14"" FHD (1920x1080) Antiglare 250 Nits Thin and Light Laptop (16GB RAM/512GB SSD/Windows 11 Home/Office Home 2024/Iron Grey/1.43 kg), 83A0A0PCIN","70,990",3.6,Lenovo,16GB,512GB,Grey,Intel
"Acer Smartchoice Aspire One, AMD Ryzen 3-7320U, Office 2024 + M365 Basic, 8GB LPDDR5 RAM/ 256GB SSD, 14.0""/35.56cm TN HD Display, Win 11 Home, Pure Silver, 1.48KG, A114-43, Thin and Light Laptop","45,990",3.4,Acer,8GB,256GB,Silver,AMD
"Dell Inspiron 15 DC15250 Laptop (Intel I5-1334U, 8GB DDR4 RAM, 512GB SSD, 15.6"" Full HD Display, Windows 11 Home, MS Office 2024 + Microsoft 365, Carbon Black, 1 Year NBD Warranty)","58,990",N/A,Dell,8GB,512GB,Black,Intel
"Lenovo ThinkPad E16 G2 16-inch (40.64 CM) Laptop, AMD Ryzen 7 7735HS (8-Core), 16GB DDR5 RAM, 512GB NVMe SSD, FHD+ IPS Display, Radeon 680M, Wi-Fi 6, Fingerprint Reader, Windows 11 Pro, MS-Office 2024","91,700",3.3,Lenovo,16GB,N/A,N/A,AMD
"Acer Professional 14[New Launch], AMD Ryzen 7-7730U, 32GB RAM, 1TB SSD, 14"" Full HD Laptop, Windows 11 Pro, MSO21, 1.34KG, Backlite KB, Finger Print, Metal Body, 3 Year Warranty, 12 Mounths Antivrus","84,990",2.8,Acer,32GB,1TB,N/A,AMD
"ASUS Vivobook Go 15 (2026),AMD Ryzen 3 30, AMD Radeon iGPU, 8GB RAM, 512GB SSD, FHD, 15.6""(39.6 cm),Windows 11,M365 Basic(1 Year)* Office 2024,Mixed Black, 1.63 Kg,E1504FA-BQ2114WS,Thin & Light Laptop","54,990",N/A,ASUS,8GB,512GB,Black,AMD
"HP 15, Intel Core 5-120U (8GB DDR4, 512GB SSD) FHD, Anti-Glare, Micro-Edge, 15.6''/39.6cm, Win11, M365 Basic(1yr), Office Home24, Silver,1.59kg, fd0651TU, FHD Camera w/Privacy Shutter, Backlit Laptop","66,749",4.7,HP,8GB,512GB,Silver,Intel
"HP Omnibook 3, Snapdragon X Processor 45 Tops (16GB LPDDR5x,512GB SSD) 2K WUXGA, 14''/35.6cm, Win 11, M365*Office 24,Silver,1.42kg, hz0026QU/ hz0024QU, Lighter mini Charger, FHD IR Camera, AI Laptop","69,990",3.4,HP,16GB,512GB,Silver,Snapdragon
"HP Omnibook 3, Snapdragon X Processor 45 Tops (16GB LPDDR5x,512GB SSD) 2K WUXGA, 14''/35.6cm, Win 11, M365*Office 24,Silver,1.42kg, hz0026QU/ hz0024QU, Lighter mini Charger, FHD IR Camera, AI Laptop","69,990",3.4,HP,16GB,512GB,Silver,Snapdragon
"HP HyperX OMEN 16 (Valorant Edition) AMD Ryzen 7 8745HX, 8GB-RTX 5060, 16GB DDR5 (Upgradeable) 1TB SSD, 165Hz, 2K, 400 nits, 3ms RT, 16''/40.6cm, Win11, Office24, Blue, 2.47kg, ap1010AX Gaming Laptop","2,29,990",5.0,HP,8GB,1TB,Blue,AMD
"Dell 15 AI Powered Laptop, Intel Core Ultra 5 225H, 16GB DDR5 RAM, 512GB SSD, 15.6"" FHD Anti-Glare Display, Intel Arc Graphics, Dedicated Copilot Key, Backlit Keyboard, Silver, Win11 Home + MSO H&S'24","87,990",4.1,Dell,16GB,512GB,Silver,Intel
"ASUS ROG Strix G16,Intel Core Ultra 9 275HX,Gaming Laptop(RTX 5070-8GB/115W TGP/32GB/1TB /2.5K QHD+/16""/240Hz/90WHrs/Windows 11/M365 Basic(1Year)*/Office Home 2024/Eclipse Gray/2.65 Kg)G615LP-S5022WS","2,49,990",3.7,ASUS,8GB,N/A,Gray,Intel
"HP Pavilion Plus, Intel Core i5-1335U-13th Gen Laptop, (16GB LPDDR5x,512GB SSD),IPS, 300 nits, 14''(35.6cm) 2K,Win 11, M365 Basic(1yr), Office Home 24, Silver,1.38kg, 5MP Camera w/Shutter, ew0107TU","63,990",3.6,HP,16GB,512GB,Silver,Intel
"Dell 15 (Previously Inspiron), R5-7520U Processor, 8GB LPDDR5 RAM, 512GB SSD, FHD 15.6""/39.62 cm Display, Windows 11 Home, Carbon Black, 1.63kg, Standard Keyboard, 15 Month McAfee, Thin & Light Laptop","53,990",2.0,Dell,8GB,512GB,Black,N/A
"Dell 15 (Previously Inspiron) Laptop, 14th Gen Intel Core i3/Core 3 100U Processor, 16GB DDR4, 512 SSD, Intel UHD Graphics, 15.6"" FHD 120Hz IPS AG 250 nit Display, Win 11 + Office 2024, Black, 1.63Kg","62,490",4.0,Dell,16GB,N/A,Black,Intel
"HP 15 (2025), AMD Athlon 7120U Dual Core - (8 GB/256 GB SSD/AMD Radeon Graphics/Windows 11 Home) Thin and Light Business Laptop/15.6"" HD Display/Black/1.5 kg/MS Office 2021","42,999",3.8,HP,N/A,256GB,Black,AMD
"Lenovo 15 (2026), Intel Core i7 13th Gen 13620H - (16 GB DDR5/512 GB SSD/Intel Iris Xe Graphics/Windows 11 Pro) Thin and Light Business Laptop/15.6"" FHD Display/Luna Grey/Copilot Key/1.5 kg/MSO 2024","79,470.",N/A,Lenovo,DDR5,512GB,Grey,Intel
"Apple 2026 MacBook Neo 13″ Laptop with A18 Pro chip: Built for AI and Apple Intelligence, Liquid Retina Display, 8GB Unified Memory, 256GB SSD Storage, 1080p FaceTime HD Camera; Silver","73,990",4.7,Apple,8GB,256GB,Silver,N/A
"Apple 2026 MacBook Pro Laptop with M5 Pro chip with 15‑core CPU and 16‑core GPU: Built for AI, 35.97 cm (14.2″) Liquid Retina XDR Display, 24GB Unified Memory, 2TB SSD Storage; Silver","3,42,490",4.6,Apple,24GB,2TB,Silver,N/A
"ASUS Chromebook CM32 Detachable (2026),Smartchoice,MediaTek Kompanio 540 Processor,8GB RAM,128GB SSD,Touchscreen,12.1""(30.7 cm),Chrome OS,Cloud Titanium,0.64 Kg,CM3206DM4A-TR0119,Thin & Light Laptop","42,990",4.5,ASUS,8GB,128GB,N/A,MediaTek
"Lenovo V15 Intel Core i5 13th Gen 15.6"" (39.62 cm) FHD (1920x1080) Antiglare 250 Nits Thin and Light Laptop (8GB RAM/512GB SSD/Windows 11 Home/Iron Grey/1Y Onsite +1Y ADP/1.65 kg), 83CC000EIN","59,990",N/A,Lenovo,8GB,512GB,Grey,Intel
"Apple 2026 MacBook Neo 13″ Laptop with A18 Pro chip: Built for AI and Apple Intelligence, Liquid Retina Display, 8GB Unified Memory, 256GB SSD Storage, 1080p FaceTime HD Camera; Citrus","73,990",4.8,Apple,8GB,256GB,N/A,N/A
"Apple 2026 MacBook Air 13″ Laptop with M5 chip: AI and Apple Intelligence, 34.46 cm (13.6″) Liquid Retina Display, 24GB Unified Memory, 1TB SSD Storage, 12MP Center Stage Camera, Touch ID; Midnight","1,94,990",4.8,Apple,24GB,1TB,N/A,N/A
"HP Omen, Intel Core i7-14650HX 14th Gen, 8GB RTX 5050, 24GB DDR5(Upgradeable) 1TB SSD, 165Hz, 2k WUXGA, 3ms, 400 nits, 16''/40.6cm, Win11, M365* Office24, Black, 2.43kg, am0241TX, RGB Gaming Laptop","1,49,990",4.2,HP,8GB,1TB,Black,Intel
"Lenovo IdeaPad Slim 3 13th Gen Intel Core i5-13420H 15.3 inch (38.8cm) WUXGA IPS Laptop (16GB RAM/512GB SSD/Windows 11/Office 2024/Top Metal Cover/Backlit KB/Cosmic Blue/1.6Kg), 83K1016PIN","84,990",3.8,Lenovo,16GB,512GB,Blue,Intel
"Acer Aspire Lite Intel Core i3/Core 3 14th Gen-100U Processor, Office 2024 + M365 Basic, 8GB RAM/256GB SSD, 15.6""/39.62 cm, FHD IPS Display,Win11Home, Steel Grey, 1.59Kg, AL15-53, Thin & Light Laptop","48,990",4.0,Acer,8GB,256GB,Grey,Intel
"HP 15, AMD Ryzen 5 7520U (8GB LPDDR5, 512GB SSD) FHD, Anti-Glare, Micro-Edge, 15.6''/39.6cm, Win11, M365 Basic(1yr), Offic24, Silver,1.59kg, fc0805AU, FHD Camera w/Privacy Shutter, Backlit Laptop","54,990",3.0,HP,8GB,512GB,Silver,AMD
"Dell 15 Laptop DC15250-15.6-inch FHD 120Hz Display, 13th Gen Intel Core i7-1355U, 16GB DDR4 RAM, 512GB SSD, Intel UHD Graphics, Windows 11 Home, Onsite Service - Platinum Silver","85,890",4.5,Dell,16GB,512GB,Silver,Intel
Tech IT 𝗟𝗲𝗻𝗼𝘃𝗼Model 81N3 𝗔𝗠𝗗A6 REDEON | 4GB RAM/128GB SSD | 14″ FHD Display | A+ Condition Laptop (Refab),"24,900",N/A,Tech,4GB,128GB,N/A,N/A
"ASUS ROG Strix G16, AMD Ryzen 9 8940HX, Gaming Laptop(RTX 5060-8GB/115W TGP/16GB/1TB /2.5K QHD+/16""/240Hz/90WHrs/Windows 11/M365 Basic (1Year)*/Office Home 2024/Eclipse Gray/2.5 Kg) G614PM-S5046WS","1,84,990",4.4,ASUS,8GB,N/A,Gray,AMD
"HP Victus, 13th Gen Intel Core i5-13420H, 6GB RTX 3050, 16GB DDR4(Upgradeable) 512GB SSD, FHD, 144Hz, 300 nits, IPS, 15.6''/39.6cm, Win11, M365* Office24, Mica Silver, 2.3kg, fa2700TX, Gaming Laptop","99,990",4.0,HP,6GB,512GB,Silver,Intel
"HP Victus Gaming Laptop, Intel Core 5 210H, 4GB RTX 3050 A (24GB DDR5, 512GB SSD) FHD, 144Hz, 300 nits, IPS, 15.6''/39.6 cm, Win11, M365* Office24, Mica Silver, 2.29kg, fa2500TX, Backlit,","89,990",5.0,HP,4GB,512GB,Silver,Intel
"Lenovo V15 G4 AMD Ryzen 5 7520U DOS 15.6 inch FHD Thin & Lite Laptop, AMD Graphics, 16GB DDR5 5500Mhz Ram, 512GB SSD,Dolby Audio,Premium Grey, 1 Year Onsite Brand Warranty","54,890",3.9,Lenovo,16GB,512GB,Grey,AMD
"HP Omnibook 3, Snapdragon X Processor 45 Tops (16GB LPDDR5x,512GB SSD) 2K WUXGA, 14''/35.6cm, Win 11, M365*Office 24,Silver,1.42kg, hz0026QU/ hz0024QU, Lighter mini Charger, FHD IR Camera, AI Laptop","69,990",3.4,HP,16GB,512GB,Silver,Snapdragon
"Apple 2026 MacBook Pro Laptop with M5 Pro chip with 15‑core CPU and 16‑core GPU: Built for AI, 35.97 cm (14.2″) Liquid Retina XDR Display, 24GB Unified Memory, 2TB SSD Storage; Silver","3,42,490",4.6,Apple,24GB,2TB,Silver,N/A
"Apple 2026 MacBook Air 13″ Laptop with M5 chip: AI and Apple Intelligence, 34.46 cm (13.6″) Liquid Retina Display, 24GB Unified Memory, 1TB SSD Storage, 12MP Center Stage Camera, Touch ID; Midnight","1,94,990",4.8,Apple,24GB,1TB,N/A,N/A
Tech IT 𝗟𝗲𝗻𝗼𝘃𝗼Model 81N3 𝗔𝗠𝗗A6 REDEON | 4GB RAM/128GB SSD | 14″ FHD Display | A+ Condition Laptop (Refab),"24,900",N/A,Tech,4GB,128GB,N/A,N/A
"HP 15, Intel Core Ultra 5 125H (16GB DDR5, 1TB SSD) FHD, IPS, 15.6''/39.6cm, Win11, M365 Basic(1yr)*Office24, Silver, 1.65kg, fd1255TU, Intel Arc Graphics, FHD Camera w/Shutter, AI Powered Laptop","82,990",3.8,HP,16GB,1TB,Silver,Intel
"HP HyperX OMEN 16 (Valorant Edition) AMD Ryzen 7 8745HX, 8GB-RTX 5060, 16GB DDR5 (Upgradeable) 1TB SSD, 165Hz, 2K, 400 nits, 3ms RT, 16''/40.6cm, Win11, Office24, Blue, 2.47kg, ap1010AX Gaming Laptop","2,29,990",5.0,HP,8GB,1TB,Blue,AMD
"Dell 15 (Previously Inspiron), R5-7520U Processor, 8GB LPDDR5 RAM, 512GB SSD, FHD 15.6""/39.62 cm Display, Windows 11 Home, Carbon Black, 1.63kg, Standard Keyboard, 15 Month McAfee, Thin & Light Laptop","53,990",2.0,Dell,8GB,512GB,Black,N/A
"Dell 15 (Previously Inspiron), Intel Core i7 13th Gen -1355U, 16GB, 512GB SSD, FHD, 15.6""/39.62cm, Win 11, MSO'24, Silver, 1.62kg, [Dell 15], Backlit Keyboard, 12 Month McAfee, Thin & Light Laptop","82,990",3.7,Dell,16GB,512GB,Silver,Intel
"Lenovo V15 G4 AMD Ryzen 5 7520U DOS 15.6 inch FHD Thin & Lite Laptop, AMD Graphics, 16GB DDR5 5500Mhz Ram, 512GB SSD,Dolby Audio,Premium Grey, 1 Year Onsite Brand Warranty","54,890",3.9,Lenovo,16GB,512GB,Grey,AMD
"Dell 15 AI Powered Laptop, Intel Core Ultra 5 225H, 16GB DDR5 RAM, 512GB SSD, 15.6"" FHD Anti-Glare Display, Intel Arc Graphics, Dedicated Copilot Key, Backlit Keyboard, Silver, Win11 Home + MSO H&S'24","87,990",4.1,Dell,16GB,512GB,Silver,Intel
"Apple 2026 MacBook Neo 13″ Laptop with A18 Pro chip: Built for AI and Apple Intelligence, Liquid Retina Display, 8GB Unified Memory, 256GB SSD Storage, 1080p FaceTime HD Camera; Silver","73,990",4.7,Apple,8GB,256GB,Silver,N/A
"HP 14, 13th Gen Intel Core i5-1334U Laptop (16GB RAM, 512GB SSD), Anti-Glare, IPS, 14""/35.6cm, FHD, Win 11, MS Office 2021, Silver, 1.4Kg, Intel Iris Xe Graphics, FHD Camera,Backlit KB, gr0002TU","69,990",4.0,HP,16GB,512GB,Silver,Intel
"HP Victus Gaming Laptop, Intel Core 5 210H, 4GB RTX 3050 A (24GB DDR5, 512GB SSD) FHD, 144Hz, 300 nits, IPS, 15.6''/39.6 cm, Win11, M365* Office24, Mica Silver, 2.29kg, fa2500TX, Backlit,","89,990",5.0,HP,4GB,512GB,Silver,Intel
"Apple 2026 MacBook Neo 13″ Laptop with A18 Pro chip: Built for AI and Apple Intelligence, Liquid Retina Display, 8GB Unified Memory, 256GB SSD Storage, 1080p FaceTime HD Camera; Citrus","73,990",4.8,Apple,8GB,256GB,N/A,N/A
"Apple 2026 MacBook Pro Laptop with M5 Pro chip with 18‑core CPU and 20‑core GPU: Built for AI, 41.05 cm (16.2″) Liquid Retina XDR Display, 24GB Unified Memory, 1TB SSD Storage; Silver","3,42,490",4.5,Apple,24GB,1TB,Silver,N/A
"acer Aspire 3, Intel Pentium N6000, 12GB LPDDR4X RAM, 512GB SSD, HD, 15.6""/39.62cm, Windows 11 Home, Pure Silver, 1.5KG, A325-45, Thin and Light Laptop","39,890",3.3,acer,12GB,512GB,Silver,Intel
"ASUS Gaming V16 (2025),Intel Core 7 240H (i7-14th Gen),RTX 5050-8GB,16GB RAM,512GB SSD,FHD+,16"",144Hz,Backlit Keyboard,Windows 11,M365*,Office 2024,Matte Black,1.95 Kg V3607VH-RP038WS,Gaming Laptop","1,40,999",3.5,ASUS,8GB,512GB,Black,Intel
"HP Professional 14 (2026) Thin & Light Laptop – Intel Core 5-120U, 16GB RAM, 512GB SSD, 14"" FHD Display, Windows 11 Pro, Backlit Keyboard, Fingerprint Sensor, MSO 2024, Turbo Silver, 1.4 Kg","68,480",5.0,HP,16GB,512GB,Silver,Intel
"Lenovo Yoga Slim 7 Aura Edition Intel Evo Core Ultra 5 226V (16GB RAM/1TB SSD/14 (35.5cm)/WUXGA OLED/Copilot+ PC/Windows 11/Office Home 2024/1Yr ADP Free/Grey/1.19Kg), 83JX005FIN AI Laptop","1,26,866",4.5,Lenovo,16GB,1TB,Grey,Intel
"Lenovo Legion Pro 7 2025 Intel Core Ultra 9 275HX | NVIDIA RTX 5090 24GB (64GB RAM/1TB SSD/WQXGA OLED/240Hz/16 (40.6cm)/Windows 11/Office 2024+AI Now/Black/2.5Kg), 83F500D8IN AI Powered Gaming Laptop","4,82,490",5.0,Lenovo,24GB,1TB,Black,Intel
"HP Smartchoice Victus, AMD Ryzen 7 7445HS, 6GB RTX 3050, 16GB DDR5(Upgradeable) 512GB SSD, 144Hz, 300 nits, 15.6''/39.6cm, Win 11, Office 24, Blue, 2.29kg, fb3134/20ax, Xbox Gamepass*, Gaming Laptop",N/A,4.2,HP,6GB,512GB,Blue,AMD
"HP Omen, Intel Core Ultra 7 255H, 8GB RTX 5060 (24GB DDR5, 1TB SSD) 165Hz, 2k WUXGA, 3ms, 400 nits, 16''/40.6cm, Win11, M365* Office24, Black, 2.42kg, an0015TX, RGB, Gaming Laptop","1,66,990",4.0,HP,8GB,1TB,Black,Intel
"Acer Aspire 3 Intel Core i5-1334U Processor, 8GB RAM/512GB SSD, 39.62 cm(15.6"") FHD LED-Backlit IPS Display, Win11Home, Pure Silver, 1.7Kg, A325-53, Thin & Light Laptop","54,650",3.8,Acer,8GB,512GB,Silver,Intel
"HP 255 Notebook, AMD Athlon Silver 7120U,8GB DDR4, 256GB SSD, 15.6-inch(39.6cm), Anti-Glare, HD Laptop, Radeon Graphics, (Win 11, Silver,1.52kg) G10","43,950",4.0,HP,8GB,256GB,Silver,AMD
"HP OmniBook Ultra Flip (Previously Spectre) Intel Core Ultra 7 256V 47 Tops (16GB LPDDR5X, 1TB SSD) OLED, 500 nits,14''/35.6cm, Touch 2-in-1, Win11, Office21, Gray,1.34kg, fh0026TU Next Gen AI Laptop","1,86,990",N/A,HP,16GB,1TB,Gray,Intel
"HP Omnibook 3, Snapdragon X Processor 45 Tops (16GB LPDDR5x,512GB SSD) 2K WUXGA, 14''/35.6cm, Win 11, M365*Office 24,Silver,1.42kg, hz0026QU/ hz0024QU, Lighter mini Charger, FHD IR Camera, AI Laptop","69,990",3.4,HP,16GB,512GB,Silver,Snapdragon
"Apple 2026 MacBook Pro Laptop with M5 Pro chip with 15‑core CPU and 16‑core GPU: Built for AI, 35.97 cm (14.2″) Liquid Retina XDR Display, 24GB Unified Memory, 2TB SSD Storage; Silver","3,42,490",4.6,Apple,24GB,2TB,Silver,N/A
"Apple 2026 MacBook Air 13″ Laptop with M5 chip: AI and Apple Intelligence, 34.46 cm (13.6″) Liquid Retina Display, 24GB Unified Memory, 1TB SSD Storage, 12MP Center Stage Camera, Touch ID; Midnight","1,94,990",4.8,Apple,24GB,1TB,N/A,N/A
"DELL Inspiron 5440 (2025) Intel Core i3 13th Gen 1305U - (16 GB/512 GB SSD/Windows 11 Home) Inspiron 5440 Thin and Light Laptop (14 inch, Ice Blue, 1.5 kg, with MS Office)","62,350",3.8,DELL,N/A,512GB,Blue,Intel
"HP Omen, Intel Core Ultra 7 255H, 8GB RTX 5060 (24GB DDR5, 1TB SSD) 165Hz, 2k WUXGA, 3ms, 400 nits, 16''/40.6cm, Win11, M365* Office24, Black, 2.42kg, an0015TX, RGB, Gaming Laptop","1,66,990",4.0,HP,8GB,1TB,Black,Intel
"HP 14 Smartchoice, Intel Core Ultra 5 125H 12 TOPS, 24GB DDR5 (Upgradeable) 1TB SSD, Anti-Glare, FHD, 14''/35.6cm,Win11, M365*Office24, Silver, 1.4kg, ep1180tu, FHD Camera w/Shutter, Backlit AI Laptop","85,990",3.3,HP,24GB,1TB,Silver,Intel
"Dell 15 AI Powered Laptop, Intel Core Ultra 5 225H, 16GB DDR5 RAM, 512GB SSD, 15.6"" FHD Anti-Glare Display, Intel Arc Graphics, Dedicated Copilot Key, Backlit Keyboard, Silver, Win11 Home + MSO H&S'24","87,990",4.1,Dell,16GB,512GB,Silver,Intel
"HP 15 (2025), Intel Core i5 13th Gen 1334U - (32 GB/512 GB SSD/Intel Iris Xe Graphics/Windows 11 Pro) Thin and Light Business Laptop/15.6"" FHD Display/Fingerprint Reader/Ash Grey/1.5 kg/MS Office 2021","85,000",5.0,HP,N/A,512GB,Grey,Intel
HP Ultra 7 255H / 32 GB DDR5 RAM/ 1 TB SSD/Windows 11 Pro/5 MP IR AI Camera/ 16.0 inch AG WUXGA/Intel® Wi-Fi 7 BE201 (2x2) and Bluetooth 5.4 /Fingerprint Reader (C1JQ1PT),"2,34,454",N/A,HP,DDR5 ,1TB,N/A,Intel
"Dell 15 (Previously Inspiron), R5-7520U Processor, 8GB LPDDR5 RAM, 512GB SSD, FHD 15.6""/39.62 cm Display, Windows 11 Home, Carbon Black, 1.63kg, Standard Keyboard, 15 Month McAfee, Thin & Light Laptop","53,990",2.0,Dell,8GB,512GB,Black,N/A
"Apple 2026 MacBook Neo 13″ Laptop with A18 Pro chip: Built for AI and Apple Intelligence, Liquid Retina Display, 8GB Unified Memory, 256GB SSD Storage, 1080p FaceTime HD Camera; Silver","73,990",4.7,Apple,8GB,256GB,Silver,N/A
"HP 15, AMD Ryzen 5 7520U, 16GB DDR5, 512GB SSD, (Win 11, Office 21, Silver, 1.59kg), Anti-Glare, Micro-Edge, 15.6-inch(39.6cm), FHD Laptop, AMD Radeon Graphics, 1080p FHD Camera, Backlit KB, fc0690au","55,780",N/A,HP,16GB,512GB,Silver,AMD
"HP Professional 14 (2026), Intel (i7 14th Gen) Core 7 150U - (32 GB/512 GB SSD/Intel Iris Xe Graphic/Windows 11 Pro) Business Laptop/14.0"" FHD/Backlit + Fingerprint/Silver/Copilot Key/1.4kg/MSO 2024","91,990",5.0,HP,N/A,512GB,Silver,Intel
"Apple 2026 MacBook Pro Laptop with M5 Pro chip with 18‑core CPU and 20‑core GPU: Built for AI, 41.05 cm (16.2″) Liquid Retina XDR Display, 24GB Unified Memory, 1TB SSD Storage; Silver","3,42,490",4.5,Apple,24GB,1TB,Silver,N/A
"Apple 2026 MacBook Air 15″ Laptop with M5 chip: AI and Apple Intelligence, 38.91 cm (15.3″) Liquid Retina Display, 16GB Unified Memory, 1TB SSD Storage, 12MP Center Stage Camera, Touch ID; Silver","2,00,490",4.7,Apple,16GB,1TB,Silver,N/A
"Alienware 16X Aurora Gaming Laptop, AI Enabled Intel Core Ultra9 HX Processor, 32GB DDR5, 1TB SSD, NVIDIA GeForce RTX 5070, 8GB GDDR7, 16"" QHD+ 240Hz Display, Backlit KB, Interstellar Indigo, 2.66kg","3,19,990",N/A,Alienware,32GB,1TB,Indigo,Intel
"Lenovo 14 (2025), Intel Core i3 13th Gen 1315U - (8 GB/512 GB SSD/Intel UHD Graphics/Windows 11 Home) Thin and Light Business Laptop/14.0"" FHD Display/Iron Grey/1.4 kg/MSO 2021","52,999",N/A,Lenovo,N/A,512GB,Grey,Intel
"ASUS ProArt PX13 (2026),AMD Ryzen AI MAX+ 395,AMD Radeon 8060S iGPU,128GB RAM,1TB SSD,3K OLED,13.3""(33.7 cm),Win 11,M365 Basic(1Y)* Office 2024,Nano Black,1.39 Kg,HN7306EAC-LX052WS,AI Creator Laptop","3,34,990",4.3,ASUS,128GB,1TB,Black,AMD
"HP 15 255R G10, AMD Ryzen 5 7535U Hexa Core (6 Core, 12 Threads, 2.9 to Max 4.3 Ghz) (8 GB/512 GB SSD/AMD Radeon Graphics/dos) Thin and Light Laptop(15.6 inch HD Display, Matt Silver, 1.45","52,999",4.1,HP,N/A,512GB,Silver,AMD
Lenovo ThinkPad E14 AI PC Intel Core Ultra 7 155H | Copilot Key | 16GB RAM | 512GB SSD | 14” WUXGA IPS 300 Nits | Win 11 + Office 2024 | Backlit | Fingerprint | 1.42 kg | 1Y Onsite | Black –21M7S0SF00,"1,24,800",5.0,Lenovo,16GB,512GB,Black,Intel
"Apple 2026 MacBook Air 13″ Laptop with M5 chip: AI and Apple Intelligence, 34.46 cm (13.6″) Liquid Retina Display, 24GB Unified Memory, 1TB SSD Storage, 12MP Center Stage Camera, Touch ID; Sky Blue","1,94,990",4.8,Apple,24GB,1TB,Blue,N/A
"Lenovo 14 (2025), Intel Core i5 13th Gen 13420H - (16 GB/512 GB SSD/Intel UHD Graphics/Windows 11) Thin and Light Business Laptop/14.0"" FHD Display/Iron Grey/1.4 kg/Microsoft Office 2021","68,700",3.8,Lenovo,N/A,512GB,Grey,Intel
"Lenovo V15 G4 (2024), AMD Ryzen 3 7320U Quad Core - (8GB/512GB SSD/AMD Radeon Graphics/Windows 11 Home) Thin and Light Business Laptop/15.6"" FHD Display/Arctic Grey/1.57 kg/MS Office 2021","49,400",4.0,Lenovo,8GB,512GB,Grey,AMD
"Alienware 16 Area-51, Intel Core Ultra 9-275HX, RTX 5090-24GB, 64GB DDR5, 2TB SSD, WQXGA, 16.0""/40.64cm, 240Hz, Win 11, MSO 2024, Liquid Teal, 3.4kg, AI Enabled, 500 nits, AI PC","5,31,490",4.5,Alienware,24GB,2TB,N/A,Intel
"HP 15, 13th Gen Intel Core i5-1334U Laptop (8GB DDR4,1TB SSD) Anti-Glare, Micro-Edge,15.6''/39.6cm, FHD, Win11, M365 Basic(1yr),Office Home24, Silver,1.59kg, FHD Camera w/Shutter, fd0549TU","63,990",N/A,HP,8GB,1TB,Silver,Intel
"HP Omnibook 3, Snapdragon X Processor 45 Tops (16GB LPDDR5x,512GB SSD) 2K WUXGA, 14''/35.6cm, Win 11, M365*Office 24,Silver,1.42kg, hz0026QU/ hz0024QU, Lighter mini Charger, FHD IR Camera, AI Laptop","69,990",3.4,HP,16GB,512GB,Silver,Snapdragon
"Apple 2026 MacBook Pro Laptop with M5 Pro chip with 15‑core CPU and 16‑core GPU: Built for AI, 35.97 cm (14.2″) Liquid Retina XDR Display, 24GB Unified Memory, 2TB SSD Storage; Silver","3,42,490",4.6,Apple,24GB,2TB,Silver,N/A
"Apple 2026 MacBook Air 13″ Laptop with M5 chip: AI and Apple Intelligence, 34.46 cm (13.6″) Liquid Retina Display, 24GB Unified Memory, 1TB SSD Storage, 12MP Center Stage Camera, Touch ID; Midnight","1,94,990",4.8,Apple,24GB,1TB,N/A,N/A
"HP Professional 14 (2026), Intel (i7 14th Gen) Core 7 150U - (32 GB/512 GB SSD/Intel Iris Xe Graphic/Windows 11 Pro) Business Laptop/14.0"" FHD/Backlit + Fingerprint/Silver/Copilot Key/1.4kg/MSO 2024","91,990",5.0,HP,N/A,512GB,Silver,Intel
"Lenovo Legion Pro 5 2025 Intel Core i7-14650HX| NVIDIA RTX 5060 8GB (32GB RAM/1TB SSD/WQXGA IPS/240Hz/16(40.64cm)/Windows 11/Office 2024+AI Now/Black/2.4Kg), 83NN0046IN AI Powered Gaming Laptop","2,31,490",4.0,Lenovo,8GB,1TB,Black,Intel
"HP 15 (i5 14th Gen), Intel Core 5, 16GB RAM (Upgradeable), 512GB SSD, FHD, Anti-Glare, 15.6''/39.6cm, Win11, M365 Basic(1yr), Office24, Silver,1.59kg, fd0682tu, FHD Camera w/Shutter, Backlit Laptop","75,990",3.6,HP,16GB,512GB,Silver,Intel
"Dell 15 AI Powered Laptop, Intel Core Ultra 5 225H, 16GB DDR5 RAM, 512GB SSD, 15.6"" FHD Anti-Glare Display, Intel Arc Graphics, Dedicated Copilot Key, Backlit Keyboard, Silver, Win11 Home + MSO H&S'24","87,990",4.1,Dell,16GB,512GB,Silver,Intel
"Alienware 16 Area-51, Intel Core Ultra 9-275HX, RTX 5090-24GB, 64GB DDR5, 2TB SSD, WQXGA, 16.0""/40.64cm, 240Hz, Win 11, MSO 2024, Liquid Teal, 3.4kg, AI Enabled, 500 nits, AI PC","5,31,490",4.5,Alienware,24GB,2TB,N/A,Intel
"HP 15 255R G10, AMD Ryzen 5 7535U Hexa Core (6 Core, 12 Threads, 2.9 to Max 4.3 Ghz) (8 GB/512 GB SSD/AMD Radeon Graphics/dos) Thin and Light Laptop(15.6 inch HD Display, Matt Silver, 1.45","52,999",4.1,HP,N/A,512GB,Silver,AMD
"Dell 15 (Previously Inspiron), R5-7520U Processor, 8GB LPDDR5 RAM, 512GB SSD, FHD 15.6""/39.62 cm Display, Windows 11 Home, Carbon Black, 1.63kg, Standard Keyboard, 15 Month McAfee, Thin & Light Laptop","53,990",2.0,Dell,8GB,512GB,Black,N/A
"Apple 2026 MacBook Neo 13″ Laptop with A18 Pro chip: Built for AI and Apple Intelligence, Liquid Retina Display, 8GB Unified Memory, 256GB SSD Storage, 1080p FaceTime HD Camera; Silver","73,990",4.7,Apple,8GB,256GB,Silver,N/A
"HP 15, 13th Gen Intel Core i5-1334U Laptop (8GB DDR4,1TB SSD) Anti-Glare, Micro-Edge,15.6''/39.6cm, FHD, Win11, M365 Basic(1yr),Office Home24, Silver,1.59kg, FHD Camera w/Shutter, fd0549TU","63,990",N/A,HP,8GB,1TB,Silver,Intel
"Apple 2026 MacBook Air 13″ Laptop with M5 chip: AI and Apple Intelligence, 34.46 cm (13.6″) Liquid Retina Display, 24GB Unified Memory, 1TB SSD Storage, 12MP Center Stage Camera, Touch ID; Sky Blue","1,94,990",4.8,Apple,24GB,1TB,Blue,N/A
"Apple 2026 MacBook Pro Laptop with M5 Pro chip with 18‑core CPU and 20‑core GPU: Built for AI, 41.05 cm (16.2″) Liquid Retina XDR Display, 24GB Unified Memory, 1TB SSD Storage; Silver","3,42,490",4.5,Apple,24GB,1TB,Silver,N/A
"Apple 2026 MacBook Air 15″ Laptop with M5 chip: AI and Apple Intelligence, 38.91 cm (15.3″) Liquid Retina Display, 16GB Unified Memory, 1TB SSD Storage, 12MP Center Stage Camera, Touch ID; Silver","2,00,490",4.7,Apple,16GB,1TB,Silver,N/A
"ASUS ProArt PZ14 (2026),Snapdragon® X2 Elite,Qualcomm Adreno iGPU,32GB/1TB,3K OLED,Touchscreen,14""(35.5 cm),144Hz,Win 11,M365 Basic(1Y),Office 24,Black,0.79 Kg,HT7407NA-SN024WS,Creator/Gaming Laptop","2,69,990",N/A,ASUS,32GB,N/A,Black,Snapdragon
"ASUS Vivobook 15 (2026),Intel Core 5 120U,(i5-14th Gen),Fingerprint Sensor,8GB RAM,512GB SSD,FHD,15.6""(39.6 cm),Win 11,M365 Basic(1Y),Office 24,Cool Silver,1.7 Kg,X1504VAP-IN011WS,Thin & Light Laptop","58,990",3.0,ASUS,8GB,512GB,Silver,Intel
"Lenovo V15 G4 (2024), AMD Ryzen 3 7320U Quad Core - (8GB/512GB SSD/AMD Radeon Graphics/Windows 11 Home) Thin and Light Business Laptop/15.6"" FHD Display/Arctic Grey/1.57 kg/MS Office 2021","49,400",4.0,Lenovo,8GB,512GB,Grey,AMD
"Dell 15 (Previously Inspiron), Intel 14th Gen Core i3 / Core 3 100U, 16GB, 512GB SSD, FHD, 15.6"", Win 11, MSO'24, Carbon Black, 1.63Kg, [Dell 15], FHD 120Hz IPS 250 nit Display, Thin & Light Laptop","58,990",3.8,Dell,16GB,512GB,Black,Intel
"Acer Aspire Lite, AMD Ryzen 3-5400U, Office 2024 + M365 Basic, 8GB RAM/512GB SSD, Full HD IPS, 15.6""/39.62 cm, Windows 11 Home, Steel Gray, 1.59 KG, AL15-41, Metal Body, Premium Thin and Light Laptop","42,990",1.0,Acer,8GB,512GB,Gray,AMD
"Lenovo Yoga Slim 7 AI Laptop PC 2025 Aura Edition, Intel Core Ultra 7 258V, 32GB RAM, 1TB SSD, OLED, Copilot AI Now, 47 Tops, 14""/35.5cm, Win 11, Office 24,Grey, 1.2 Kg, 83JX001MIN, AI Laptop","1,55,990",3.7,Lenovo,32GB,1TB,Grey,Intel
"HP 15, Intel Ultra 5 125H, 12 Tops (32GB DDR5, 1TB SSD) FHD, IPS, 15.6''/39.6cm, Win11, M365 Basic(1yr)*Office24, Silver, 1.65kg, fd1279TU, Intel Arc Graphics, FHD Camera, Backlit, AI Powered Laptop",N/A,3.6,HP,32GB,1TB,Silver,Intel
"ASUS Vivobook 14, (i5 14th Gen) Intel Core 5 120U, Thin & Light Laptop(16GB RAM/512GB SSD/FHD/14/60Hz/Fingerprint Reader/M365 Basic (1Year)*/Office Home 2024/Quiet Blue/1.4 Kg) X1404VAP-EB1542WS","66,990",4.1,ASUS,16GB,512GB,Blue,Intel
"Apple 2026 MacBook Pro Laptop with M5 Max chip with 18‑core CPU and 32‑core GPU: Built for AI, 35.97 cm (14.2″) Liquid Retina XDR Display, 36GB Unified Memory, 2TB SSD Storage; Space Black","4,64,490",5.0,Apple,36GB,2TB,Black,N/A
"ASUS TUF A15 (2026), AMD Ryzen 7 170,RTX 3050-4GB,16GB RAM (Upgradeable),512GB SSD,FHD, 15.6""(39.6 cm),Windows 11,M365 Basic(1 Year),Office 2024, Graphite Black, 2.3 Kg, FA506NCQ-HN007WS,Gaming Laptop","1,02,990",4.7,ASUS,4GB,512GB,Black,AMD
"HP Omnibook 3, Snapdragon X Processor 45 Tops (16GB LPDDR5x,512GB SSD) 2K WUXGA, 14''/35.6cm, Win 11, M365*Office 24,Silver,1.42kg, hz0026QU/ hz0024QU, Lighter mini Charger, FHD IR Camera, AI Laptop","69,990",3.4,HP,16GB,512GB,Silver,Snapdragon
"Apple 2026 MacBook Pro Laptop with M5 Pro chip with 15‑core CPU and 16‑core GPU: Built for AI, 35.97 cm (14.2″) Liquid Retina XDR Display, 24GB Unified Memory, 2TB SSD Storage; Silver","3,42,490",4.6,Apple,24GB,2TB,Silver,N/A
"Apple 2026 MacBook Air 13″ Laptop with M5 chip: AI and Apple Intelligence, 34.46 cm (13.6″) Liquid Retina Display, 24GB Unified Memory, 1TB SSD Storage, 12MP Center Stage Camera, Touch ID; Midnight","1,94,990",4.8,Apple,24GB,1TB,N/A,N/A
"HP Business 250R G10 (2025) Thin & Light Laptop with Intel Core 3 14th Gen 100U, 16GB RAM, 512GB SSD, 15.6″ IPS Display, Copilot Key, Windows 11 Pro & MS Office 2024, Turbo Silver (1.5 kg)","62,400",1.0,HP,16GB,512GB,Silver,Intel
HP 15 (2025) AMD Ryzen 3 7335U Quad Core Laptop 16GB DDR5 512GB SSD AMD Radeon Graphics Windows 11 Pro MS Office 2024 Copilot Key AI PC 15.6-inch FHD Thin & Light 1.5kg Turbo Silver,"57,880",4.0,HP,16GB,512GB,Silver,AMD
"Dell 15 AI Powered Laptop, Intel Core Ultra 5 225H, 16GB DDR5 RAM, 512GB SSD, 15.6"" FHD Anti-Glare Display, Intel Arc Graphics, Dedicated Copilot Key, Backlit Keyboard, Silver, Win11 Home + MSO H&S'24","87,990",4.1,Dell,16GB,512GB,Silver,Intel
"Dell 15 (Previously Inspiron), R5-7520U Processor, 8GB LPDDR5 RAM, 512GB SSD, FHD 15.6""/39.62 cm Display, Windows 11 Home, Carbon Black, 1.63kg, Standard Keyboard, 15 Month McAfee, Thin & Light Laptop","53,990",2.0,Dell,8GB,512GB,Black,N/A
"Acer ALG, Intel Core5-210H Processor, NVIDIA GeForceRTX 3050-4GB DDR6, Office 2024 + M365 Basic,16GB RAM/512GB SSD, FHD 15.6"", 144Hz, Win 11 Home, Titanium Gray, 1.99 KG, AL15G-53, Gaming Laptop","81,990",N/A,Acer,4GB,512GB,Gray,Intel
"Acer Aspire 3 Intel Core i5-1334U Processor,Office 2024 + M365 Basic, (8GB DDR4 RAM/500 GB SSD) with 39.62 cm (15.6"") FHD LED-Backlit IPS Display/Win 11Home,A325-53, Pure Silver, 1.7KG","52,990",2.8,Acer,8GB,500GB,Silver,Intel
"Apple 2026 MacBook Neo 13″ Laptop with A18 Pro chip: Built for AI and Apple Intelligence, Liquid Retina Display, 8GB Unified Memory, 256GB SSD Storage, 1080p FaceTime HD Camera; Silver","73,990",4.7,Apple,8GB,256GB,Silver,N/A
"Apple 2026 MacBook Pro Laptop with M5 Pro chip with 18‑core CPU and 20‑core GPU: Built for AI, 41.05 cm (16.2″) Liquid Retina XDR Display, 24GB Unified Memory, 1TB SSD Storage; Silver","3,42,490",4.5,Apple,24GB,1TB,Silver,N/A
"ASUS TUF A15 (2026), AMD Ryzen 7 170,RTX 3050-4GB,16GB RAM (Upgradeable),512GB SSD,FHD, 15.6""(39.6 cm),Windows 11,M365 Basic(1 Year),Office 2024, Graphite Black, 2.3 Kg, FA506NCQ-HN007WS,Gaming Laptop","1,02,990",4.7,ASUS,4GB,512GB,Black,AMD
"acer Predator Helios 16 AI, Intel Core Ultra 9 Processor,RTX 5090-24 GB GDDR7,32 GB/1 TB, WQXGA OLED, 16.0""/40.64 cm, 240Hz, Win 11 Home, Abyssal Black, 2.65 kg, PH16-73, RGB KB, Gaming Laptop","4,99,990",4.4,acer,DDR7,N/A,Black,Intel
"Apple 2026 MacBook Air 15″ Laptop with M5 chip: AI and Apple Intelligence, 38.91 cm (15.3″) Liquid Retina Display, 16GB Unified Memory, 1TB SSD Storage, 12MP Center Stage Camera, Touch ID; Silver","2,00,490",4.7,Apple,16GB,1TB,Silver,N/A
"Apple 2026 MacBook Neo 13"" Laptop with A18 Pro chip: Built for AI and Apple Intelligence, Liquid Retina Display, 8GB Unified Memory, 512GB SSD Storage, 1080p FaceTime HD Camera, Touch ID; Blush","83,490",4.8,Apple,8GB,512GB,N/A,N/A
"Lenovo Legion Pro 5 2025 Intel Core i7-14650HX| NVIDIA RTX 5060 8GB (32GB RAM/1TB SSD/WQXGA IPS/240Hz/16(40.64cm)/Windows 11/Office 2024+AI Now/Black/2.4Kg), 83NN0046IN AI Powered Gaming Laptop","2,31,490",4.0,Lenovo,8GB,1TB,Black,Intel
"ASUS ROG Strix G16, Intel Core Ultra 9 275HX, Gaming Laptop(RTX 5060-8GB/115W TGP/16GB/1TB /2.5K QHD+/16""/240Hz/90WHrs/Windows 11/M365 Basic (1Year)*/Office Home 2024/Eclipse Gray/) G615LM-S5128WS","2,00,042",4.1,ASUS,8GB,N/A,Gray,Intel
Lenovo V15 G3 IAP Laptop RYZEN 3-7320u / 8GB DDR4 / 512 GB SSD PCIe / 15.60 FHD TN Display/Windows 11/Ms-Office/Silver (Grey) / 1 Year Onsite Warranty,"48,999",2.9,Lenovo,8GB,512GB,Silver,N/A
"𝗟𝗲𝗻𝗼𝘃𝗼Model E495 𝗔𝗠𝗗𝗥𝗬𝗭𝗘𝗡 𝟱 |8GB DDR4 RAM |256GB SSD |14"" FHD Display | Win10 | A+ Condition Laptop (Refab)","27,000",N/A,Unknown,8GB,256GB,N/A,N/A
"HP Professional 14 (2025), Intel Core i5 13th Gen 1334U - (32 GB/512 GB SSD/Intel Iris Xe Graphic/Windows 11 Pro) Thin and Light Business Laptop/14.0"" FHD/Backlit + Fingerprint/Silver/1.4 Kg/MSO 2021","78,990",5.0,HP,N/A,512GB,Silver,Intel
"Acer Aspire Lite, AMD Ryzen 3 7330U Processor, 8 GB RAM, 512 GB SSD, Full HD, 15.6""/39.62cm, Windows 11 Home, Steel Gray, 1.6KG, AL15-41, Metal Body, Premium Thin and Light Laptop","46,590",3.9,Acer,RAM,512GB,Gray,AMD
"ASUS ProArt PZ14 (2026),Snapdragon® X2 Elite,Qualcomm Adreno iGPU,32GB/1TB,3K OLED,Touchscreen,14""(35.5 cm),144Hz,Win 11,M365 Basic(1Y),Office 24,Black,0.79 Kg,HT7407NA-SN024WS,Creator/Gaming Laptop","2,69,990",N/A,ASUS,32GB,N/A,Black,Snapdragon
"HP 15, 13th Gen Intel Core i3-1315uLaptop 8GB DDR4,512GB SSD Anti-Glare, Micro-Edge,15.6''/39.6cm, FHD, Win11,M365 Basic(1yr),Office Home24, Silver,1.59kg, FHD Camera w/Privacy Shutter, fd0569TU","55,100",3.8,HP,8GB,512GB,Silver,Intel
"HP 15 (2025), Intel Core i3 13th Gen 1315U - (32 GB/512 GB SSD/Intel UHD Graphics/Windows 11 Home) Thin and Light Business Laptop/15.6"" HD Display/Ash Grey/1.5 kg/MS Office 2021","69,900",4.0,HP,N/A,512GB,Grey,Intel
NEW Microsoft Surface Laptop (7th Edition) - Windows 11 Home Copilot + PC - 13.8” LCD PixelSense Touchscreen - Qualcomm Snapdragon X Elite (12 Core) - 16GB RAM - 1TB SSD - Graphite - ZXX-00059,"1,70,999",5.0,NEW,16GB,1TB,N/A,Snapdragon
"HP Omnibook 3, Snapdragon X Processor 45 Tops (16GB LPDDR5x,512GB SSD) 2K WUXGA, 14''/35.6cm, Win 11, M365*Office 24,Silver,1.42kg, hz0026QU/ hz0024QU, Lighter mini Charger, FHD IR Camera, AI Laptop","69,990",3.4,HP,16GB,512GB,Silver,Snapdragon
"Apple 2026 MacBook Pro Laptop with M5 Pro chip with 15‑core CPU and 16‑core GPU: Built for AI, 35.97 cm (14.2″) Liquid Retina XDR Display, 24GB Unified Memory, 2TB SSD Storage; Silver","3,42,490",4.6,Apple,24GB,2TB,Silver,N/A
"Apple 2026 MacBook Air 13″ Laptop with M5 chip: AI and Apple Intelligence, 34.46 cm (13.6″) Liquid Retina Display, 24GB Unified Memory, 1TB SSD Storage, 12MP Center Stage Camera, Touch ID; Midnight","1,94,990",4.8,Apple,24GB,1TB,N/A,N/A
"ASUS ProArt PZ14 (2026),Snapdragon® X2 Elite,Qualcomm Adreno iGPU,32GB/1TB,3K OLED,Touchscreen,14""(35.5 cm),144Hz,Win 11,M365 Basic(1Y),Office 24,Black,0.79 Kg,HT7407NA-SN024WS,Creator/Gaming Laptop","2,69,990",N/A,ASUS,32GB,N/A,Black,Snapdragon
"Acer Aspire Lite, AMD Ryzen 3-5400U, Office 2024 + M365 Basic, 8GB RAM/512GB SSD, Full HD IPS, 15.6""/39.62 cm, Windows 11 Home, Steel Gray, 1.59 KG, AL15-41, Metal Body, Premium Thin and Light Laptop","42,990",1.0,Acer,8GB,512GB,Gray,AMD
"Apple 2026 MacBook Neo 13″ Laptop with A18 Pro chip: Built for AI and Apple Intelligence, Liquid Retina Display, 8GB Unified Memory, 256GB SSD Storage, 1080p FaceTime HD Camera; Silver","73,990",4.7,Apple,8GB,256GB,Silver,N/A
"Dell 15 AI Powered Laptop, Intel Core Ultra 5 225H, 16GB DDR5 RAM, 512GB SSD, 15.6"" FHD Anti-Glare Display, Intel Arc Graphics, Dedicated Copilot Key, Backlit Keyboard, Silver, Win11 Home + MSO H&S'24","87,990",4.1,Dell,16GB,512GB,Silver,Intel
"HP 15 (2025), Intel Core i3 13th Gen 1315U - (32 GB/512 GB SSD/Intel UHD Graphics/Windows 11 Home) Thin and Light Business Laptop/15.6"" HD Display/Ash Grey/1.5 kg/MS Office 2021","69,900",4.0,HP,N/A,512GB,Grey,Intel
NEW Microsoft Surface Laptop (7th Edition) - Windows 11 Home Copilot + PC - 13.8” LCD PixelSense Touchscreen - Qualcomm Snapdragon X Elite (12 Core) - 16GB RAM - 1TB SSD - Graphite - ZXX-00059,"1,70,999",5.0,NEW,16GB,1TB,N/A,Snapdragon
"Apple 2026 MacBook Pro Laptop with M5 Pro chip with 18‑core CPU and 20‑core GPU: Built for AI, 41.05 cm (16.2″) Liquid Retina XDR Display, 24GB Unified Memory, 1TB SSD Storage; Silver","3,42,490",4.5,Apple,24GB,1TB,Silver,N/A
"Apple 2026 MacBook Air 15″ Laptop with M5 chip: AI and Apple Intelligence, 38.91 cm (15.3″) Liquid Retina Display, 16GB Unified Memory, 1TB SSD Storage, 12MP Center Stage Camera, Touch ID; Silver","2,00,490",4.7,Apple,16GB,1TB,Silver,N/A
"Lenovo Yoga Slim 7 AI Laptop PC 2025 Aura Edition, Intel Core Ultra 7 258V, 32GB RAM, 1TB SSD, OLED, Copilot AI Now, 47 Tops, 14""/35.5cm, Win 11, Office 24,Grey, 1.2 Kg, 83JX001MIN, AI Laptop","1,55,990",3.7,Lenovo,32GB,1TB,Grey,Intel
"ASUS Vivobook 15, Smartchoice, AMD Ryzen 7 5825U, 16GB RAM, 512GB SSD, FHD 15.6"", Windows 11, Office Home 2024, Quiet Blue, 1.7Kg, M1502YA-BQ703WS, AMD Radeon iGPU, M365 Basic (1Year)*, 42Whr Laptop","71,990",4.1,ASUS,16GB,512GB,Blue,AMD
"Dell 15 (Previously Inspiron), R5-7520U Processor, 8GB LPDDR5 RAM, 512GB SSD, FHD 15.6""/39.62 cm Display, Windows 11 Home, Carbon Black, 1.63kg, Standard Keyboard, 15 Month McAfee, Thin & Light Laptop","53,990",2.0,Dell,8GB,512GB,Black,N/A
"Apple 2026 MacBook Neo 13"" Laptop with A18 Pro chip: Built for AI and Apple Intelligence, Liquid Retina Display, 8GB Unified Memory, 512GB SSD Storage, 1080p FaceTime HD Camera, Touch ID; Blush","83,490",4.8,Apple,8GB,512GB,N/A,N/A
"Certified Model T14 Gen1 10th Gen Core i5 Thin & Light Laptop (16 GB DDR4 RAM|256 GB SSD|14"" FHD Touchscreen|Windows 11 Pro|MS Office|UHD Graphics (Pre- Owned)","31,999",1.0,Certified,DDR4 ,256GB,N/A,N/A
"ASUS Vivobook 15 (2026),Intel Core 5 120U,(i5-14th Gen),Fingerprint Sensor,8GB RAM,512GB SSD,FHD,15.6""(39.6 cm),Win 11,M365 Basic(1Y),Office 24,Cool Silver,1.7 Kg,X1504VAP-IN011WS,Thin & Light Laptop","58,990",3.0,ASUS,8GB,512GB,Silver,Intel
"HP ZBook Studio 12th Gen Intel Core i7-12700H 16inch(40.6 cm) WQUXGA Display Creator Laptop 500 nits/16GB RAM/1TB SSD/NVIDIA GeForce RTX 3070 Ti Graphics/Win 11/MSO/B&O/FPR, G9 Workstation PC","2,55,990",N/A,HP,16GB,1TB,N/A,Intel
"Acer ALG, 13th Gen Intel Core i5-13420H, NVIDIA GeForce RTX 3050-6GB DDR6, 16GB RAM, 512GB SSD, FHD 15.6""/39.62 cm, 144Hz, Windows 11 Home, Steel Gray, 1.99 KG, AL15G-53,Gaming Laptop","87,900",4.0,Acer,6GB,512GB,Gray,Intel
"MSI Modern 15, Intel 13th Gen. i5-1335U, 40CM FHD 60Hz Laptop (16GB/512GB NVMe SSD/Windows 11 Home/Iris Xe Graphics/Classic Black/1.7Kg), B13M-289IN","51,990",3.8,MSI,16GB,N/A,Black,Intel
"Apple 2026 MacBook Pro Laptop with M5 Max chip with 18‑core CPU and 32‑core GPU: Built for AI, 35.97 cm (14.2″) Liquid Retina XDR Display, 36GB Unified Memory, 2TB SSD Storage; Space Black","4,64,490",5.0,Apple,36GB,2TB,Black,N/A
"ASUS Zenbook S14 (2026),Smartchoice,Intel Core Ultra 9 (Series 3),Intel iGPU,32GB /1TB SSD,3K OLED,Touchscreen,14""(35.5 cm),Win 11,M365 Basic(1Y),Office 24, White,1.2 Kg,UX5406AA-SU189WS,Copilot+ PC","2,39,990",3.1,ASUS,32GB,1TB,White,Intel
"Acer Aspire 3, 13th Gen, Intel Core i3-1305U Processor, 16 GB, 512 GB, Full HD IPS, 14.0""/35.56 cm, Windows 11 Home, Steel Gray, 1.45 kg, A324-53, Thin and Light Laptop","52,990",4.3,Acer,N/A,N/A,Gray,Intel
"HP 15 (2025), AMD Ryzen 3 7335U Quad Core - (8 GB DDR5/512 GB SSD/AMD Radeon Graphics/Windows 11 pro) Thin and Light Business Laptop/15.6"" FHD Display/Turbo Silver/1.5 kg/MSO 2024 / Copilot Key AI PC","47,999",N/A,HP,DDR5,512GB,Silver,AMD
"Lenovo IdeaPad Slim 3 13th Gen Core i5-13420H 15.3 inch (38.8cm) WUXGA IPS Laptop (16GB RAM/512GB SSD/Windows 11/Office Home 2024/Backlit Keyboard/1Yr ADP Free/3 Mon. Game Pass/Grey/1.6Kg), 83K100C6IN","72,290",4.0,Lenovo,16GB,512GB,Grey,N/A
"Apple 2026 MacBook Pro Laptop with M5 Pro chip with 15‑core CPU and 16‑core GPU: Built for AI, 35.97 cm (14.2″) Liquid Retina XDR Display, 24GB Unified Memory, 2TB SSD Storage; Silver","3,42,490",4.6,Apple,24GB,2TB,Silver,N/A
"HP Omnibook 3, Snapdragon X Processor 45 Tops (16GB LPDDR5x,512GB SSD) 2K WUXGA, 14''/35.6cm, Win 11, M365*Office 24,Silver,1.42kg, hz0026QU/ hz0024QU, Lighter mini Charger, FHD IR Camera, AI Laptop","69,990",3.4,HP,16GB,512GB,Silver,Snapdragon
"Apple 2026 MacBook Air 13″ Laptop with M5 chip: AI and Apple Intelligence, 34.46 cm (13.6″) Liquid Retina Display, 24GB Unified Memory, 1TB SSD Storage, 12MP Center Stage Camera, Touch ID; Midnight","1,94,990",4.8,Apple,24GB,1TB,N/A,N/A
"Apple 2026 MacBook Pro Laptop with M5 Max chip with 18‑core CPU and 32‑core GPU: Built for AI, 41.05 cm (16.2″) Liquid Retina XDR Display, 36GB Unified Memory, 2TB SSD Storage; Space Black","5,13,990",2.4,Apple,36GB,2TB,Black,N/A
𝗗𝗲𝗹𝗹Laptop Latitude 5300 Laptop | InteI Core i5 8th Gen | 8GB RAM | 256GB SSD | 14” FHD Display | Win 10 | Business Laptop | Seller Warranty | A+ Condition (Refab),"29,000",N/A,Unknown,8GB,256GB,N/A,N/A
"HP 15 (i5 14th Gen), Intel Core 5, 16GB RAM (Upgradeable), 512GB SSD, FHD, Anti-Glare, 15.6''/39.6cm, Win11, M365 Basic(1yr), Office24, Silver,1.59kg, fd0682tu, FHD Camera w/Shutter, Backlit Laptop","75,990",3.6,HP,16GB,512GB,Silver,Intel
"Dell 15 AI Powered Laptop, Intel Core Ultra 5 225H, 16GB DDR5 RAM, 512GB SSD, 15.6"" FHD Anti-Glare Display, Intel Arc Graphics, Dedicated Copilot Key, Backlit Keyboard, Silver, Win11 Home + MSO H&S'24","87,990",4.1,Dell,16GB,512GB,Silver,Intel
"Lenovo IdeaPad Slim 3 13th Gen Core i5-13420H 15.3 inch (38.8cm) WUXGA IPS Laptop (16GB RAM/512GB SSD/Windows 11/Office Home 2024/Backlit Keyboard/1Yr ADP Free/3 Mon. Game Pass/Grey/1.6Kg), 83K100C6IN","72,290",4.0,Lenovo,16GB,512GB,Grey,N/A
"ASUS Vivobook 15 (2025), 13th Gen,Intel Core i3-1315U, 8GB RAM, 512GB SSD, FHD, 15.6"", 39.6 cm, Windows 11 Home,M365 Basic(1 Year)* Office 2024,Cool Silver,1.7 Kg, X1504VA-D5321WS, Thin & Light Laptop","55,990",4.3,ASUS,8GB,512GB,Silver,Intel
"Apple 2026 MacBook Neo 13″ Laptop with A18 Pro chip: Built for AI and Apple Intelligence, Liquid Retina Display, 8GB Unified Memory, 256GB SSD Storage, 1080p FaceTime HD Camera; Silver","73,990",4.7,Apple,8GB,256GB,Silver,N/A
"Apple 2026 MacBook Pro Laptop with M5 Max chip with 18‑core CPU and 40‑core GPU: Built for AI, 41.05 cm (16.2″) Liquid Retina XDR Display, 48GB Unified Memory, 2TB SSD Storage; Space Black","5,89,990",4.3,Apple,48GB,2TB,Black,N/A
"Acer Aspire 5, Intel Core Ultra 5 125H Processor,Office 2024 + M365 Basic, 16 GB RAM, 512 GB SSD, WUXGA IPS, 14.0""/35.56 cm, Win 11 Home, Pure Silver, 1.2 kg, A514-54H, Backlit KB, Premium Laptop","74,990",4.7,Acer,RAM,512GB,Silver,Intel
"Lenovo IdeaPad 5 2-in-1 Intel Core Ultra 5 225H (16GB RAM/512GB SSD/14 (35.5cm)/WUXGA IPS/Windows 11/MS) 365 Basic+Office 2024/Lenovo Digital Pen 2/1Yr ADP/Grey/1.6Kg, 83KR0076IN Convertible Laptop","94,990",2.0,Lenovo,16GB,512GB,Grey,Intel
"Apple 2026 MacBook Air 15″ Laptop with M5 chip: AI and Apple Intelligence, 38.91 cm (15.3″) Liquid Retina Display, 16GB Unified Memory, 1TB SSD Storage, 12MP Center Stage Camera, Touch ID; Silver","2,00,490",4.7,Apple,16GB,1TB,Silver,N/A
"Dell 15 (Previously Inspiron), R5-7520U Processor, 8GB LPDDR5 RAM, 512GB SSD, FHD 15.6""/39.62 cm Display, Windows 11 Home, Carbon Black, 1.63kg, Standard Keyboard, 15 Month McAfee, Thin & Light Laptop","53,990",2.0,Dell,8GB,512GB,Black,N/A
"Samsung Galaxy Book 4 15.6"" Full HD | Intel Core i5 1335U | 16GB RAM | 512GB SSD | Silver","69,990",4.4,Samsung,16GB,512GB,Silver,Intel
"Lenovo V15 G4 Laptop, AMD Athlon Silver 7120U, 8GB LPDDR5 RAM, 512GB PCIe SSD, 15.6"" FHD Display, Radeon 610M Graphics, Windows 11, MS Office 2021 Lifetime, Silver, 1.65 kg","45,999",3.9,Lenovo,8GB,N/A,Silver,AMD
"DELL 14 (2025) Intel Core i3 10th Gen 1305U - (4 GB/512 GB SSD/Intel UHD Graphics/Windows 11 Pro) Thin and Light Business Laptop/14.0"" FHD+ IPS Display/Ice Blue/1.4 kg/MSO 2021/1 Year ADP Warranty","54,891",3.8,DELL,N/A,512GB,Blue,Intel
"Acer Aspire 3, 13th Gen, Intel Core i3-1305U Processor, 16 GB, 512 GB, Full HD IPS, 14.0""/35.56 cm, Windows 11 Home, Steel Gray, 1.45 kg, A324-53, Thin and Light Laptop","52,990",4.3,Acer,N/A,N/A,Gray,Intel
"Lenovo Legion 5 2025 AMD Ryzen 7 260 | NVIDIA RTX 5060 8GB (16GB RAM/1TB SSD/WUXGA IPS/165Hz/15(39.6cm)/Windows 11/Office 2024+AI Now/Black/2.5Kg), 83M00074IN AI Powered Gaming Laptop","1,85,490",3.5,Lenovo,8GB,1TB,Black,AMD
"HP OmniBook X Laptop, Snapdragon® X Elite X1E-78-100,14inch(35.6 cm),2.2K Touch Display,IPS,16GB LPDDR5x,1TB SSD,Next Gen Windows, Copilot +,Blue,1.34 kg,14-fe0121QU","1,14,990",4.3,HP,16GB,1TB,Blue,Snapdragon
"Lenovo Yoga Slim 7 Intel Core Ultra 7 155H 14""(35.5cm) WUXGA-OLED 400Nits Laptop (32GB RAM/1TB SSD/AI PC/2Wx4 Speakers/Windows 11/Office Home 2024/1Yr ADP Free/Grey/1.39Kg), 83CV00D3IN","1,41,499",4.4,Lenovo,32GB,1TB,Grey,Intel
HP OmniBook OLED ● Intel Core Ultra 5 322● 46 Tops● 16GB DDR5 (Upgradeable)● 512GB SSD● 2K●14''/35.6cm● 300nits● Win11● Office24● Silver● 1.4kg● hs0052TU● Lighter mini GaN Charger● AI Laptop,"1,10,990",N/A,HP,16GB,512GB,Silver,Intel
"HP Professional 14 (2026) – Intel Core 5 120U (14th Gen), 16GB RAM, 512GB SSD, Windows 11 Pro, MSO 2024, Copilot Key, Fingerprint Reader, Intel Iris Xe Graphics, 14″ FHD Display, 1.53Kg – Turbo Silver","68,480",3.8,HP,16GB,512GB,Silver,Intel
"Acer TravelLite Thin Laptop AMD Ryzen 5 7430U |16GB RAM, 512GB SSD | 14"" Full HD Anti-Glare Display |Privacy Shutter| Windows 11 & MS-Office 2021 | Metal Body | 1.34Kg | Black | 30 Months Warranty","53,900",3.7,Acer,16GB,512GB,Black,AMD
"Apple 2026 MacBook Pro Laptop with M5 Pro chip with 15‑core CPU and 16‑core GPU: Built for AI, 35.97 cm (14.2″) Liquid Retina XDR Display, 24GB Unified Memory, 2TB SSD Storage; Silver","3,42,490",4.6,Apple,24GB,2TB,Silver,N/A
"Apple 2026 MacBook Air 13″ Laptop with M5 chip: AI and Apple Intelligence, 34.46 cm (13.6″) Liquid Retina Display, 24GB Unified Memory, 1TB SSD Storage, 12MP Center Stage Camera, Touch ID; Midnight","1,94,990",4.8,Apple,24GB,1TB,N/A,N/A
"Apple 2026 MacBook Neo 13″ Laptop with A18 Pro chip: Built for AI and Apple Intelligence, Liquid Retina Display, 8GB Unified Memory, 256GB SSD Storage, 1080p FaceTime HD Camera; Silver","73,990",4.7,Apple,8GB,256GB,Silver,N/A
"Acer Aspire Lite (2026) AMD Ryzen 3 Quad Core 5300U - (8 GB/512 GB SSD/AMD Radeon Graphics/Windows 11 Home) AL15-41 Thin and Light Laptop (15.6 Inch FHD IPS, Steel Grey, 1.5 Kg/MS Office 2024","44,680",2.9,Acer,N/A,512GB,Grey,AMD
"HP Professional 14 (2026) – Intel Core 5 120U (14th Gen), 16GB RAM, 512GB SSD, Windows 11 Pro, MSO 2024, Copilot Key, Fingerprint Reader, Intel Iris Xe Graphics, 14″ FHD Display, 1.53Kg – Turbo Silver","68,480",3.8,HP,16GB,512GB,Silver,Intel
"HP 15 (i5 14th Gen), Intel Core 5, 16GB RAM (Upgradeable), 512GB SSD, FHD, Anti-Glare, 15.6''/39.6cm, Win11, M365 Basic(1yr), Office24, Silver,1.59kg, fd0682tu, FHD Camera w/Shutter, Backlit Laptop","75,990",3.6,HP,16GB,512GB,Silver,Intel
"HP 14 Smartchoice, Intel Core Ultra 5 125H 12 TOPS, 24GB DDR5 (Upgradeable) 1TB SSD, Anti-Glare, FHD, 14''/35.6cm,Win11, M365*Office24, Silver, 1.4kg, ep1180tu, FHD Camera w/Shutter, Backlit AI Laptop","85,990",3.3,HP,24GB,1TB,Silver,Intel
"Acer Aspire Lite, AMD Ryzen 5-5625U, Office 2024 + M365 Basic, 16GB, 512GB, FHD 15.6""/39.62 cm, Windows 11 Home, Steel Gray, 1.59 KG, AL15-41, Premium Thin and Light Laptop","59,990",4.2,Acer,16GB,N/A,Gray,AMD
"Lenovo Yoga Slim 7 Intel Core Ultra 7 155H 14""(35.5cm) WUXGA-OLED 400Nits Laptop (32GB RAM/1TB SSD/AI PC/2Wx4 Speakers/Windows 11/Office Home 2024/1Yr ADP Free/Grey/1.39Kg), 83CV00D3IN","1,41,499",4.4,Lenovo,32GB,1TB,Grey,Intel
"HP Omnibook 3, Snapdragon X Processor 45 Tops (16GB LPDDR5x,512GB SSD) 2K WUXGA, 14''/35.6cm, Win 11, M365*Office 24,Silver,1.42kg, hz0026QU/ hz0024QU, Lighter mini Charger, FHD IR Camera, AI Laptop","69,990",3.4,HP,16GB,512GB,Silver,Snapdragon
"Apple 2026 MacBook Pro Laptop with M5 Pro chip with 18‑core CPU and 20‑core GPU: Built for AI, 41.05 cm (16.2″) Liquid Retina XDR Display, 24GB Unified Memory, 1TB SSD Storage; Silver","3,42,490",4.5,Apple,24GB,1TB,Silver,N/A
"Samsung Galaxy Book4 (Gray, 16GB RAM, 512GB SSD) | 15.6"" Full HD Screen | Intel Core i5 1335U Processor | Windows 11 Home | MS Office 2021 | Fingerprint Reader | Intel Iris XE Graphics | RJ45 LAN Port","69,299",4.1,Samsung,16GB,512GB,Gray,Intel
"Acer One Pro Smartchoice, AMD Ryzen 3-7320U 8GB DDR5 RAM | 512GB SSD, Win 11 Home, Ms Ofiice 21 Pro Plus,14 Inch, 1 Year Antivirus, 1.41KG, Professional Thin and Light Laptop","48,990",5.0,Acer,8GB,512GB,N/A,AMD
"Apple 2026 MacBook Air 15″ Laptop with M5 chip: AI and Apple Intelligence, 38.91 cm (15.3″) Liquid Retina Display, 16GB Unified Memory, 1TB SSD Storage, 12MP Center Stage Camera, Touch ID; Silver","2,00,490",4.7,Apple,16GB,1TB,Silver,N/A
"Apple 2026 MacBook Neo 13"" Laptop with A18 Pro chip: Built for AI and Apple Intelligence, Liquid Retina Display, 8GB Unified Memory, 512GB SSD Storage, 1080p FaceTime HD Camera, Touch ID; Blush","83,490",4.8,Apple,8GB,512GB,N/A,N/A
"HP Omen, Intel Core Ultra 7 255H, 8GB RTX 5060, 24GB DDR5(Upgradeable) 1TB SSD, 2K, 165Hz, 3ms Response time, IPS, 16''/40.6cm, Win11, M365*Office24, Shadow Black, 2.43kg, am0238tx, RGB Gaming Laptop","1,82,990",3.6,HP,8GB,1TB,Black,Intel
"Lenovo LOQ Intel Core i7-14700HX 15.6"" (39.6cm) 144Hz 300Nits FHD Gaming Laptop (16GB/1TB SSD/Win 11/NVIDIA GeForce RTX 4060 8GB Graphics/100% sRGB/Office 21/1Yr ADP Free/Grey/2.4Kg), 83DV00BEIN","1,75,000",3.9,Lenovo,16GB,1TB,Grey,Intel
"Lenovo IdeaPad Slim 3 13th Gen Intel Core i3-1315U 14 inch (35.5cm) FHD Laptop (8GB RAM/512GB SSD/Windows 11/Office 2024/Alexa Built-in/1Yr ADP Free/3 Month Game Pass/Grey/1.37Kg), 82X6005KIN","59,950",5.0,Lenovo,8GB,512GB,Grey,Intel
"HP Professional 15 (2026), Intel (i7 14th Gen) Core 7 150U - (32 GB/512 GB SSD/Intel Iris Xe Graphic/Windows 11 Pro) Business Laptop/15.6"" FHD/Backlit + Fingerprint/Silver/Copilot Key/1.5kg/MSO 2024","93,990",4.0,HP,N/A,512GB,Silver,Intel
"Lenovo LOQ, Intel Core i7 14th Gen 14700HX, NVIDIA RTX 5060 8GB, 16GB RAM, 1TB SSD, 15.6""(39.6cm), 144Hz, Windows 11, Office 2024, Grey, 2.4Kg, 83JE00U5IN, 572 AI Tops, 3 Mon. Game Pass Gaming Laptop","1,58,990",3.6,Lenovo,8GB,1TB,Grey,Intel
"HP Professional 14 (2026), Intel (i5 14th Gen) Core 5 120U - (16 GB/512 GB SSD/Intel Iris Xe Graphic/Windows 11 Home) Business Laptop/14.0"" FHD/Backlit + FingerPrint/Silver/Copilot Key/1.4kg/MS Office","68,290",3.6,HP,N/A,512GB,Silver,Intel
HP OmniBook OLED ● Intel Core Ultra 5 322● 46 Tops● 16GB DDR5 (Upgradeable)● 512GB SSD● 2K●14''/35.6cm● 300nits● Win11● Office24● Silver● 1.4kg● hs0052TU● Lighter mini GaN Charger● AI Laptop,"1,10,990",N/A,HP,16GB,512GB,Silver,Intel
"HP 15 (2026), AMD Ryzen 3 Quad Core 7335U - (16 GB DDR5/512 GB SSD/AMD Radeon 660M Graphics/Windows 11 Pro) Thin and Light Business Laptop/15.6"" Display/Turbo Silver/Copilot Key/1.5kg/MS Office 2024","58,990",5.0,HP,DDR5,512GB,Silver,AMD
"ASUS Zenbook S14 (2026),Smartchoice,Intel Core Ultra 5 226V,Intel Arc iGPU,16GB/512GB,3K OLED,Touchscreen,14""(35.5 cm),Windows 11,M365 Basic(1Y),Office 2024,Gray,1.2 Kg,UX5406SA-PZ658WS,Copilot+ PC","1,36,990",N/A,ASUS,16GB,N/A,Gray,Intel
"HP Victus, 13th Gen Intel Core i5-13420H, 4GB RTX 3050A, 16GB DDR4(Upgradeable) 1TB SSD, FHD, 144Hz, 300 nits, IPS, 15.6''/39.6cm, Win11, M365* Office24, Mica Silver, 2.3kg, fa2047TX, Gaming Laptop","91,289",3.4,HP,4GB,1TB,Silver,Intel
"Apple 2026 MacBook Pro Laptop with M5 Pro chip with 15‑core CPU and 16‑core GPU: Built for AI, 35.97 cm (14.2″) Liquid Retina XDR Display, 24GB Unified Memory, 2TB SSD Storage; Silver","3,42,490",4.6,Apple,24GB,2TB,Silver,N/A
"Apple 2026 MacBook Air 13″ Laptop with M5 chip: AI and Apple Intelligence, 34.46 cm (13.6″) Liquid Retina Display, 24GB Unified Memory, 1TB SSD Storage, 12MP Center Stage Camera, Touch ID; Midnight","1,94,990",4.8,Apple,24GB,1TB,N/A,N/A
"Apple 2026 MacBook Neo 13″ Laptop with A18 Pro chip: Built for AI and Apple Intelligence, Liquid Retina Display, 8GB Unified Memory, 256GB SSD Storage, 1080p FaceTime HD Camera; Silver","73,990",4.7,Apple,8GB,256GB,Silver,N/A
"HP Victus, Intel Core 7 240H, 8GB RTX 5050, 24GB DDR5(Upgradeable) 1TB SSD, FHD, 144Hz, 300 nits, IPS, 15.6''/39.6cm, Win11, M365* Office24, Mica Silver, 2.29kg, fa2409TX, RGB Backlit, Gaming Laptop","1,48,000",4.1,HP,8GB,1TB,Silver,Intel
"HP 15 Smartchoice, Intel Core Ultra 5 125H, 12 Tops (16GB DDR5, 512GB SSD) FHD, IPS, 15.6''/39.6cm, Win11, M365(1yr)* Office24, Silver, 1.65kg, fd1254TU, FHD Camera w/Shutter, AI Powered Laptop",N/A,3.6,HP,16GB,512GB,Silver,Intel
"HP 15 (i5 14th Gen), Intel Core 5, 16GB RAM (Upgradeable), 512GB SSD, FHD, Anti-Glare, 15.6''/39.6cm, Win11, M365 Basic(1yr), Office24, Silver,1.59kg, fd0682tu, FHD Camera w/Shutter, Backlit Laptop","75,990",3.6,HP,16GB,512GB,Silver,Intel
"HP Omnibook 3, Snapdragon X Processor 45 Tops (16GB LPDDR5x,512GB SSD) 2K WUXGA, 14''/35.6cm, Win 11, M365*Office 24,Silver,1.42kg, hz0026QU/ hz0024QU, Lighter mini Charger, FHD IR Camera, AI Laptop","69,990",3.4,HP,16GB,512GB,Silver,Snapdragon
"Lenovo IdeaPad Slim 3 12th Gen Intel Core i5-12450H 15.6 Inch (39.6cm) FHD Thin & Light Laptop (16GB/512GB SSD/Windows 11/Office Home 2024/3months Game Pass/Arctic Grey/1.62Kg), 83ER00MCIN","70,849",4.4,Lenovo,16GB,512GB,Grey,Intel
"HP 15 (2026), AMD Ryzen 5 Hexa Core 7535U - (16 GB DDR5/512 GB SSD/AMD Radeon 660M Graphics/Windows 11 Home) Thin and Light Business Laptop/15.6"" FHD Display/Turbo Silver/Copilot Key/1.5kg/MSO 2024","66,679",3.2,HP,DDR5,512GB,Silver,AMD
"Apple 2026 MacBook Air 15″ Laptop with M5 chip: AI and Apple Intelligence, 38.91 cm (15.3″) Liquid Retina Display, 16GB Unified Memory, 1TB SSD Storage, 12MP Center Stage Camera, Touch ID; Midnight","2,00,490",4.7,Apple,16GB,1TB,N/A,N/A
"Apple 2026 MacBook Pro Laptop with M5 Pro chip with 18‑core CPU and 20‑core GPU: Built for AI, 41.05 cm (16.2″) Liquid Retina XDR Display, 24GB Unified Memory, 1TB SSD Storage; Silver","3,42,490",4.5,Apple,24GB,1TB,Silver,N/A
"Lenovo IdeaPad Slim 3, Intel Core i3 13th Gen 1315U, 8GB RAM, 512GB SSD, FHD 15.6""(39.6cm), Windows 11, Office 2024, Grey, 1.6Kg, 82X700G5IN, 1Yr ADP Free, 3 Month Game Pass Laptop","54,680",4.2,Lenovo,8GB,512GB,Grey,Intel
"ASUS Vivobook 16 (2026),Intel Core Ultra 5 225H,Intel iGPU,16GB RAM,512GB SSD,FHD+,16""(40 cm),Windows 11 Home,M365 Basic(1 Year),Office 2024,Cool Silver,1.88 kg,X1607CA-MB350WS,Thin & Light Laptop","79,990",N/A,ASUS,16GB,512GB,Silver,Intel
"Apple 2026 MacBook Neo 13"" Laptop with A18 Pro chip: Built for AI and Apple Intelligence, Liquid Retina Display, 8GB Unified Memory, 512GB SSD Storage, 1080p FaceTime HD Camera, Touch ID; Blush","83,490",4.8,Apple,8GB,512GB,N/A,N/A
"Dell 15 AI Powered Laptop, Intel Core Ultra 5 225H, 16GB DDR5 RAM, 512GB SSD, 15.6"" FHD Anti-Glare Display, Intel Arc Graphics, Dedicated Copilot Key, Backlit Keyboard, Silver, Win11 Home + MSO H&S'24","87,990",4.1,Dell,16GB,512GB,Silver,Intel
"Lenovo Thinkpad P16s Intel Core Ultra 7 155H 16""(40.64 cm) WUXGA IPS 300Nits, AI Ready Thin and Light Workstation (32GB/1TB SSD/Win11 Pro/Backlit/NVIDIA RTX 4GB/Black/3Y Premier/1.82Kg), 21KSS0AK00","2,45,000",N/A,Lenovo,32GB,1TB,Black,Intel
"Lenovo Legion 5 Intel Core i7-14650HX 16"" (40.64cm) WQXGA IPS 350Nits 165Hz Gaming Laptop (16GB/1TB SSD/Win 11/Office 2021/NVIDIA RTX 4070 8GB/100%sRGB/Alexa/3 Month Game Pass/Grey/2.3Kg), 83DG009DIN","2,19,990",4.8,Lenovo,16GB,1TB,Grey,Intel
"MSI Pulse 17 AI, Intel Core Ultra 7 155H, Built-in AI, 43CM 16:10 QHD+ 240Hz Gaming Laptop(16GB/1TB NVMe SSD/Windows 11 Home/NVIDIA GeForce RTX 4070, /Core Black/2.8Kg), C1VGKG-031IN","1,74,990",3.9,MSI,16GB,N/A,Black,Intel
"ASUS Vivobook Go 14 (2026),AMD Ryzen 5 40,AMD Radeon iGPU,8GB RAM,512GB SSD,FHD, 14""(35.5 cm),Windows 11 Home,M365 Basic(1 Year)* Office 2024,Cool Silver, 1.38 Kg, E1404FA-EB1225WS,Thin & Light Laptop","54,990",5.0,ASUS,8GB,512GB,Silver,AMD
"acer Aspire 3, AMD Ryzen R5 7430U Processor, 16GB, 512 GB, Full HD IPS, 15.6""/39.62 cm, Windows 11 Home, Pure Silver, 1.79 kg, A325-42, Thin and Light Laptop","59,990",3.9,acer,16GB,N/A,Silver,AMD
"Dell G Series, Intel Core i5-13450HX, 13th Gen, NVIDIA RTX 3050-6GB, 16GB, 512GB SSD, FHD, 15.6""/39.62cm, Windows 11, MSO'24, Dark Shadow Gray, 2.65KG, [G15-5530], Backlit Keyboard, Gaming Laptop","1,05,540",3.4,Dell,6GB,512GB,Gray,Intel
Microsoft New Surface Laptop (7th Edition) - Windows 11 Home Copilot + PC - 13.8” LCD PixelSense Touchscreen - Qualcomm Snapdragon X Elite (12 Core) - 16GB RAM - 512GB SSD - Graphite - ZGP-00059,"1,62,990",3.4,Microsoft,16GB,512GB,N/A,Snapdragon
"Acer TravelLite TL04-41M 14.0"" FHD Thin and Light Laptop (AMD Ryzen 3 5400U / 16GB RAM / 512GB SSD/Windows 11 Home + MS Office Home & Student 2021 / Wi-Fi 6 / HD Webcam) Sleek Metal Body","49,999",N/A,Acer,16GB,512GB,N/A,AMD
"Lenovo IdeaPad Slim 5 Intel Core Ultra 7 355 Next-Gen AI PC (16GB RAM/512GB SSD/14 (35.5cm)/WUXGA OLED/Copilot+ PC/Windows 11/MSO 365 Basic+Office 2024/1Yr ADP Free/Grey/1.4Kg), 83S5005KIN","1,36,990",5.0,Lenovo,16GB,512GB,Grey,Intel
"HP Professional 15 (2026), Intel Core i5 13th Gen 1334U - (32 GB/512 GB SSD/Intel Iris Xe Graphics/Windows 11 Pro) Thin and Light Business Laptop/15.6"" FHD Display/Backlit/Turbo Silver/1.5 kg/MSO 2021","85,000",3.7,HP,N/A,512GB,Silver,Intel
"Apple 2026 MacBook Pro Laptop with M5 Pro chip with 15‑core CPU and 16‑core GPU: Built for AI, 35.97 cm (14.2″) Liquid Retina XDR Display, 24GB Unified Memory, 2TB SSD Storage; Silver","3,42,490",4.6,Apple,24GB,2TB,Silver,N/A
"Apple 2026 MacBook Air 13″ Laptop with M5 chip: AI and Apple Intelligence, 34.46 cm (13.6″) Liquid Retina Display, 24GB Unified Memory, 1TB SSD Storage, 12MP Center Stage Camera, Touch ID; Midnight","1,94,990",4.8,Apple,24GB,1TB,N/A,N/A
"Apple 2026 MacBook Neo 13″ Laptop with A18 Pro chip: Built for AI and Apple Intelligence, Liquid Retina Display, 8GB Unified Memory, 256GB SSD Storage, 1080p FaceTime HD Camera; Silver","73,990",4.7,Apple,8GB,256GB,Silver,N/A
"Lenovo IdeaPad Slim 5 Intel Core Ultra 5 125H Built-in AI 14"" (35.5cm) WUXGA-OLED 400Nits Thin & Light Laptop (16GB/1TB SSD/Win 11/Office 21/FHD+IR Camera/Alexa/1Yr ADP Free/Grey/1.4Kg), 83DA003GIN","86,990",4.0,Lenovo,16GB,1TB,Grey,Intel
"DELL 14 (2026) Intel Core 3 14th Gen 100U - (16 GB DDR5/512 GB SSD/Intel UHD Graphics/Windows 11 Home) Thin and Light Business Laptop/14.0"" FHD+ IPS Display/Ice Blue/1.4 kg/MSO 2021","63,425",3.5,DELL,DDR5,512GB,Blue,Intel
"Apple 2026 MacBook Pro Laptop with M5 Pro chip with 18‑core CPU and 20‑core GPU: Built for AI, 41.05 cm (16.2″) Liquid Retina XDR Display, 24GB Unified Memory, 1TB SSD Storage; Silver","3,42,490",4.5,Apple,24GB,1TB,Silver,N/A
"Apple 2026 MacBook Air 15″ Laptop with M5 chip: AI and Apple Intelligence, 38.91 cm (15.3″) Liquid Retina Display, 16GB Unified Memory, 1TB SSD Storage, 12MP Center Stage Camera, Touch ID; Silver","2,00,490",4.7,Apple,16GB,1TB,Silver,N/A
"HP Laptop 250R G9 (2024), Intel Core i3 13th Gen 1315U - (8GB/512GB SSD/Intel UHD Graphics/DOS) Thin and Light Business Laptop/15.6"" (39.62cm)/Ash Grey/1.57 kg","54,500",4.2,HP,8GB,512GB,Grey,Intel
"ASUS TUF A15 (2026),Smartchoice,AMD Ryzen 7 8845HS,RTX 3050-4GB,16GB RAM (Upgradeable),512GB SSD,FHD,15.6""(39.6 cm),144Hz,Win 11,M365 Basic(1Y),Office 24,Black,2.3 Kg,FA506NCG-HN192WS,Gaming Laptop","1,19,990",5.0,ASUS,4GB,512GB,Black,AMD
"Apple 2026 MacBook Neo 13"" Laptop with A18 Pro chip: Built for AI and Apple Intelligence, Liquid Retina Display, 8GB Unified Memory, 512GB SSD Storage, 1080p FaceTime HD Camera, Touch ID; Blush","83,490",4.8,Apple,8GB,512GB,N/A,N/A
"HP Omnibook 3, Snapdragon X Processor 45 Tops (16GB LPDDR5x,512GB SSD) 2K WUXGA, 14''/35.6cm, Win 11, M365*Office 24,Silver,1.42kg, hz0026QU/ hz0024QU, Lighter mini Charger, FHD IR Camera, AI Laptop","69,990",3.4,HP,16GB,512GB,Silver,Snapdragon
"HP 15, AMD Ryzen 7 7730U (16GB DDR4,512GB SSD) Anti-Glare, Micro-Edge,15.6''/39.6cm, FHD, Win11, M365 Basic(1yr),Office Home24,Silver,1.59kg,FHD Camera w/Privacy Shutter, Backlit KB-Laptop, fc0761AU","69,990",4.0,HP,16GB,512GB,Silver,AMD
"ASUS TUF A14 (2026),AMD Ryzen AI MAX+ 392, AMD Radeon 8060S iGPU,32GB RAM,1TB SSD, QHD+, 14""(35.5 cm),Windows 11, M365 Basic(1Y)* Office 2024,Jaeger Gray,1.48 Kg,FA401EA-RG020WS, Creator/Gaming Laptop","2,09,780",5.0,ASUS,32GB,1TB,Gray,AMD
"HP ProBook 445 G9 Business Laptop, 14"" FHD Non-Touch Display, AMD Ryzen 5 5625U Processor, 16GB RAM, 1TB SSD, IR Camera, Backlit Keyboard, Wi-Fi 6, RJ-45, HDMI, Windows 11 Pro, Silver","78,000",N/A,HP,16GB,1TB,Silver,AMD
"HP 15, Intel Core i3-1315U-13th Gen Laptop (8GB DDR4 Ram,512GB SSD) Anti-Glare, Micro-Edge,15.6'"" FHD, Win11,M365 Basic(1yr),Office Home24, Silver,1.59kg, FHD Camera Shutter, 15-fd0569TU","49,990",3.8,HP,8GB,512GB,Silver,Intel
"HP Premium EP Series (Intel 13th Gen Core i7-1355U, 16GB RAM, 512GB SSD, Win 11, MS Office 2024, Backlit KB, FHD Camera, 14''/35.6cm Anti-Glare Micro-Edge Display, Lightweight 1.4kg, Silver) EP0159TU","85,024",4.0,HP,16GB,512GB,Silver,Intel
"HP 14, Intel Core 5-120U (16GB DDR4, 512GB SSD), FHD, Micro -Edge, Anti-Glare, 14''/35.6cm, Win11, M365* Office24, Silver, 1.41kg, ep0385tu, FHD Camera, Iris Xe Graphics, Backlit Laptop","69,990",2.7,HP,16GB,512GB,Silver,Intel
"HP 14 Laptop, Intel Core Ultra 7 155H (16GB DDR5, 512GB SSD) FHD, Anti-Glare, Micro-Edge, 14''/35.6cm, Win11, M365 Basic(1yr)* Office24, Silver, 1.4kg, EP1151TU, Backlit, HD Camera w/Shutter","88,990",4.0,HP,16GB,512GB,Silver,Intel
"Lenovo IdeaPad Slim 3, 12th Gen Intel Core i5-12450H (16GB LPDDR5, 512GB SSD), Anti-glare, FHD 15.6""(39.6cm), Win 11, Office Home 2024, Arctic Grey, 1.62Kg, 83ER00MDIN, Thin & Light, Backlit KB Laptop","72,600",4.2,Lenovo,16GB,512GB,Grey,Intel
"Lenovo V15 AMD Ryzen 7 7730U 15.6"" (39.62cm) FHD 250 Nits Antiglare Thin and Light Laptop (16GB/512GB SSD/Windows 11/Iron Grey/1.65 Kg) Grey","69,999",4.2,Lenovo,16GB,512GB,Grey,AMD
"acer Nitro V 15, Intel core i7-13th Gen 13620H,NVIDIA GeForce RTX - 5050 8GB, 16 GB,512 GB,Full HD IPS,15.6""/39.62 cm,165 Hz, Win 11 Home, Obsidian Black, 2.113 kg, ANV15-52, Amber KB,Gaming Laptop","1,39,990",3.2,acer,8GB,N/A,Black,Intel
"HP Professional 14 (2026), Intel Core i3 13th Gen 1315U - (8 GB/512 GB SSD/Intel Graphics/Windows 11 Pro) Thin and Light Business Laptop/14.0"" HD Display/Turbo Silver/1.4 Kg/MSO 2024","60,999",3.0,HP,N/A,512GB,Silver,Intel
"Lenovo V15 12th Gen Intel Core i5-1235U 15.6"" FHD Thin and Light Laptop (8GB RAM/512GB SSD/Windows 11 Home/MS Office Home & Student 2021/Iron Grey/1.70 kg), 82TTA07QIH","56,999",4.1,Lenovo,8GB,512GB,Grey,Intel
"Apple 2026 MacBook Pro Laptop with M5 Pro chip with 15‑core CPU and 16‑core GPU: Built for AI, 35.97 cm (14.2″) Liquid Retina XDR Display, 24GB Unified Memory, 2TB SSD Storage; Silver","3,42,490",4.6,Apple,24GB,2TB,Silver,N/A
"Apple 2026 MacBook Air 13″ Laptop with M5 chip: AI and Apple Intelligence, 34.46 cm (13.6″) Liquid Retina Display, 24GB Unified Memory, 1TB SSD Storage, 12MP Center Stage Camera, Touch ID; Midnight","1,94,990",4.8,Apple,24GB,1TB,N/A,N/A
"Apple 2026 MacBook Neo 13″ Laptop with A18 Pro chip: Built for AI and Apple Intelligence, Liquid Retina Display, 8GB Unified Memory, 256GB SSD Storage, 1080p FaceTime HD Camera; Silver","73,990",4.7,Apple,8GB,256GB,Silver,N/A
"HP Professional 14 (2026), Intel Core i3 13th Gen 1315U - (8 GB/512 GB SSD/Intel Graphics/Windows 11 Pro) Thin and Light Business Laptop/14.0"" HD Display/Turbo Silver/1.4 Kg/MSO 2024","60,999",3.0,HP,N/A,512GB,Silver,Intel
"Dell 15 Ai Powered Laptop, Intel Core Ultra 7 255H, 16GB DDR5 RAM, 512GB SSD, 15.6"" FHD Anti-Glare Display, Intel Arc Graphics, Backlit Keyboard, Dedicated Copilot Key, Silver, Win11 Home + MSO H&S'24","1,03,990",5.0,Dell,16GB,512GB,Silver,Intel
"HP Omnibook 3, Snapdragon X Processor 45 Tops (16GB LPDDR5x,512GB SSD) 2K WUXGA, 14''/35.6cm, Win 11, M365*Office 24,Silver,1.42kg, hz0026QU/ hz0024QU, Lighter mini Charger, FHD IR Camera, AI Laptop","69,990",3.4,HP,16GB,512GB,Silver,Snapdragon
"Apple 2026 MacBook Air 15″ Laptop with M5 chip: AI and Apple Intelligence, 38.91 cm (15.3″) Liquid Retina Display, 16GB Unified Memory, 1TB SSD Storage, 12MP Center Stage Camera, Touch ID; Midnight","2,00,490",4.7,Apple,16GB,1TB,N/A,N/A
"ASUS Vivobook 15, 13th Gen, Intel Core i3-1315U, 16GB RAM, 512GB SSD, FHD, Anti-Glare, 15.6"", 39.6 cm, Windows 11 Home, M365 Basic(1yr)* Office24, Quiet Blue, 1.70 kg, X1504VA-BQ342WS, Laptop","62,850",4.0,ASUS,16GB,512GB,Blue,Intel
"HP 15 Laptop | AMD Ryzen 7 5825U |16GB DDR4 RAM | 512GB SSD |15.6"" (39.6 cm) FHD Display |AMD Radeon Graphics| Backlit KB | FHD Camera| Win 11| MS Office 2024 + M365*(1-Yr) | Silver |1.59kg |fc0533AU","72,900",3.9,HP,16GB,512GB,Silver,AMD
"Apple 2026 MacBook Pro Laptop with M5 Pro chip with 18‑core CPU and 20‑core GPU: Built for AI, 41.05 cm (16.2″) Liquid Retina XDR Display, 24GB Unified Memory, 1TB SSD Storage; Silver","3,42,490",4.5,Apple,24GB,1TB,Silver,N/A
"Apple 2026 MacBook Neo 13"" Laptop with A18 Pro chip: Built for AI and Apple Intelligence, Liquid Retina Display, 8GB Unified Memory, 512GB SSD Storage, 1080p FaceTime HD Camera, Touch ID; Blush","83,490",4.8,Apple,8GB,512GB,N/A,N/A
"Microsoft Surface Laptop 13"" - Windows 11 Home - Copilot+ PC - PixelSense Touchscreen Display - Snapdragon X Plus (8 Core) - 16GB RAM - 256GB SSD - Platinum. with Microsoft 365 for 6 Months*","1,34,990",5.0,Microsoft,16GB,256GB,N/A,Snapdragon
"Lenovo ThinkPad E14, AMD Ryzen 7 7735HS, 16GB RAM, 512GB SSD, WUXGA IPS 14” (35.56cm), Win 11 Home, Office 2024, Graphite Black, 1.42Kg, 21M3S0QV00, Fingerprint, Backlit, 300 Nits, 1Y Warranty, Laptop","99,990",N/A,Lenovo,16GB,512GB,Black,AMD
"HP 15 (i5 14th Gen), Intel Core 5, 16GB RAM (Upgradeable), 512GB SSD, FHD, Anti-Glare, 15.6''/39.6cm, Win11, M365 Basic(1yr), Office24, Silver,1.59kg, fd0682tu, FHD Camera w/Shutter, Backlit Laptop","75,990",3.6,HP,16GB,512GB,Silver,Intel
"ASUS Vivobook Go 14 (2026),AMD Ryzen 5 40,AMD Radeon iGPU,8GB RAM,512GB SSD,FHD, 14""(35.5 cm),Windows 11 Home,M365 Basic(1 Year)* Office 2024,Mixed Black, 1.38 Kg, E1404FA-EB1415WS,Thin & Light Laptop","58,990",5.0,ASUS,8GB,512GB,Black,AMD
"HP Pavilion Plus AI Laptop, Intel Core Ultra 5 125H, 10-12 Tops, 16GB LPDDR5x, 512GB SSD, 14-inch(35.6cm) 300 nits, WQXGA, Intel Arc Graphics, 5MP IR Camera (Win 11, Office 21, Blue, 1.44kg) ew1082TU","94,990",4.0,HP,16GB,512GB,Blue,Intel
"Dell Inspiron 5440 Notebook Computer, Intel Core 3 100U 14th Gen Processor, 8GB DDR5 RAM, 512GB SSD, 14"" FHD+ Screen, Ubuntu, 1Yr Warranty, Ice Blue","52,680",3.7,Dell,8GB,512GB,Blue,Intel
"Lenovo IdeaPad Slim 3 13th Gen Core i5-13420H 15.3 inch (38.8cm) WUXGA IPS Laptop (16GB RAM/1TB SSD/Windows 11/Office Home 2024/Backlit Keyboard/1Yr ADP Free/3 Mon. Game Pass/Grey/1.6Kg), 83K100HSIN","82,990",3.9,Lenovo,16GB,1TB,Grey,N/A
"Lenovo V14 G3 14"" FHD Laptop, Intel Core i5-1235U, 16GB DDR4 RAM, 512GB SSD, Intel Iris Xe Graphics, Windows 11, Ms-Office Lifetime Validity, Iron Grey,1.6kg, 1 Year Onsite Brand Warranty","67,990",3.9,Lenovo,16GB,512GB,Grey,Intel
"Lenovo IdeaPad Slim 3 13th Gen Intel Core i5-13420H 15.3 inch (38.8cm) WUXGA IPS Laptop (16GB RAM/512GB SSD/Windows 11/Office 2024/Top Metal Cover/Backlit KB/Luna Grey/1.6Kg), 83K101JDIN","72,900",4.0,Lenovo,16GB,512GB,Grey,Intel
"Lenovo LOQ 2025 Intel Core i7-14700HX| NVIDIA RTX 5060 8GB (32GB RAM/1TB SSD/144Hz Refresh Rate/572 AI TOPS/15.6"" (39.6cm)/Windows 11/Office 2024/3 Mon. Game Pass/Grey/2.4Kg), 83JE00U3IN",N/A,4.2,Lenovo,8GB,1TB,Grey,Intel
"HP 14, Intel Celeron Laptop","86,990",4.5,HP,N/A,N/A,N/A,Intel
"Lenovo Yoga Slim 7 Aura Edition Intel Evo Core Ultra 7 258V (32GB RAM/1TB SSD/14 (35.5cm)/WUXGA OLED/Copilot+ PC/Windows 11/MSO 365 Basic+Office 2024 AI Now/Seashell/1.19Kg), 83JX00EUIN","1,59,990",N/A,Lenovo,32GB,1TB,N/A,Intel
HP OmniBook 7 OLED ● Intel Core Ultra X7 358H● 50 Tops● 32GB LPDDR5x● 1TB SSD● 3K(2880 x 1800)●14''/35.6cm● 500nits● 0.2ms ●Win11● Office24● Silver● 1.4kg● hg0062TU● GaN Charger● MIL-STD tested Laptop,"2,49,990",N/A,HP,32GB,1TB,Silver,Intel
"Apple 2026 MacBook Pro Laptop with M5 Pro chip with 15‑core CPU and 16‑core GPU: Built for AI, 35.97 cm (14.2″) Liquid Retina XDR Display, 24GB Unified Memory, 2TB SSD Storage; Silver","3,42,490",4.6,Apple,24GB,2TB,Silver,N/A
"Apple 2026 MacBook Air 13″ Laptop with M5 chip: AI and Apple Intelligence, 34.46 cm (13.6″) Liquid Retina Display, 24GB Unified Memory, 1TB SSD Storage, 12MP Center Stage Camera, Touch ID; Midnight","1,94,990",4.8,Apple,24GB,1TB,N/A,N/A
"Apple 2026 MacBook Neo 13″ Laptop with A18 Pro chip: Built for AI and Apple Intelligence, Liquid Retina Display, 8GB Unified Memory, 256GB SSD Storage, 1080p FaceTime HD Camera; Silver","73,990",4.7,Apple,8GB,256GB,Silver,N/A
"Alienware 18 Area-51 2025 New Gaming Laptop, NVIDIA RTX 5080 16GB GDDR7, Intel Ultra 9 275HX Up to 5.4GHz, 18"" QHD+ 300Hz, 64 GB DDR5, 2 TB SSD, Backlit KB, 4K Camera, Windows 11 Pro & Office Lifetime","9,99,990",5.0,Alienware,16GB,2TB,N/A,Intel
"HP Smartchoice Victus, 13th Gen i7-13620H, 6GB RTX 4050, 16GB DDR4(Upgradeable) 512GB SSD, 144Hz, 300nits, 15.6''/39.6cm, Win11, Office24, Mica Silver, 2.3kg, fa2100tx, Xbox Gamepass* Gaming Laptop","1,14,990",N/A,HP,6GB,512GB,Silver,N/A
"Apple 2026 MacBook Pro Laptop with M5 Pro chip with 18‑core CPU and 20‑core GPU: Built for AI, 41.05 cm (16.2″) Liquid Retina XDR Display, 24GB Unified Memory, 1TB SSD Storage; Silver","3,42,490",4.5,Apple,24GB,1TB,Silver,N/A
"Apple 2026 MacBook Air 15″ Laptop with M5 chip: AI and Apple Intelligence, 38.91 cm (15.3″) Liquid Retina Display, 16GB Unified Memory, 1TB SSD Storage, 12MP Center Stage Camera, Touch ID; Silver","2,00,490",4.7,Apple,16GB,1TB,Silver,N/A
"Lenovo IdeaPad Slim 3 Intel Core Ultra 7 355 Next-Gen AI PC (16GB RAM/512GB SSD/15.3"" (38.86cm)/WUXGA IPS/Copilot+ PC/Windows 11/MSO 365 Basic+Office 2024/Backlit Keyboard/Grey/1.6Kg), 83UR009PIN","1,18,990",N/A,Lenovo,16GB,512GB,Grey,Intel
"Lenovo LOQ 2025 AMD Ryzen 7 250| NVIDIA RTX 5060 8GB (24GB RAM/1TB SSD/144Hz Refresh Rate/572 AI TOPS/15.6"" (39.6cm)/Windows 11/Office 2024/3 Mon. Game Pass/Grey/2.4Kg), 83JG008MIN","1,74,500",4.9,Lenovo,8GB,1TB,Grey,AMD
"Apple 2026 MacBook Neo 13"" Laptop with A18 Pro chip: Built for AI and Apple Intelligence, Liquid Retina Display, 8GB Unified Memory, 512GB SSD Storage, 1080p FaceTime HD Camera, Touch ID; Blush","83,490",4.8,Apple,8GB,512GB,N/A,N/A
"ASUS ProArt P16 OLED (2025), AMD Ryzen AI 9 HX 370, RTX 5080-16GB,64GB RAM, 2TB SSD, 16""/40.64cm Touchscreen, 4K, 120Hz,Windows 11,M365 Basic (1Year)*/Office 2024, Nano Black, 1.95Kg,H7606WW-SE023WS","4,31,990",2.6,ASUS,16GB,2TB,Black,AMD
"ASUS Vivobook 16 (2026), AMD Ryzen AI 7 445, AMD Radeon iGPU, 16GB RAM, 512GB SSD, FHD+, 16"", (40 cm), Windows 11, M365 Basic(1 Year)* Office 2024, Quiet Blue, 1.88 kg, M1607GA-MB030WS, Co-Pilot+ PC","94,990",5.0,ASUS,16GB,512GB,Blue,AMD
"Lenovo Legion 7 2025 Intel Core Ultra 9 275HX| NVIDIA RTX 5070 8GB (32GB RAM/1TB SSD/WQXGA OLED/240Hz/16(40.64cm)/Windows 11/Office 2024+AI Now/White/2.0Kg), 83KY001GIN AI Powered Gaming Laptop","2,73,490",5.0,Lenovo,8GB,1TB,White,Intel
"Lenovo Yoga Slim 9 Intel Evo Core Ultra 7 258V Touchscreen Laptop (32GB RAM/1TB SSD/14 (35.5cm)/4K WQUXGA OLED/AI PC AI Now/Copilot+ PC/Windows 11/Office 2024/1Yr ADP/Teal/1.2Kg), 83CX002LIN","1,99,990",4.5,Lenovo,32GB,1TB,N/A,Intel
"Dell Precision 7770 Mobile Workstation - 17.3"" FHD AG Display - 4.8 GHz Intel Core i7-12850HX 16-Core - 2TB SSD - 64GB RAM - NV RTX A4500 (16GB GDDR6) - Windows 11 Pro","3,49,990",N/A,Dell,64GB,2TB,N/A,Intel
"Alienware 16 Area-51 Gaming Laptop(2025), NVIDIA RTX 5080 16GB GDDR7, Intel Ultra 9 275HX Up to 5.4GHz, 16"" QHD+ 240Hz 3ms 500Nits, 4K Camera, 64 GB DDR5, 2 TB SSD, Wi-Fi 7, Windows 11 Pro, Office Pro","9,99,990",1.0,Alienware,16GB,2TB,N/A,Intel
𝗗𝗲𝗹𝗹Laptop Model E7270 Laptop | InteI Core i5 6th Gen | 8GB RAM | 256GB SSD | 14” FHD Display | Win 10 | Business Laptop | Seller Warranty | A+ Condition (Refab),"26,000",N/A,Unknown,8GB,256GB,N/A,N/A
"Lenovo IdeaPad Slim 3 13th Gen Intel Core i5-13420H 15.3 inch (38.8cm) WUXGA IPS Laptop (16GB RAM/512GB SSD/Windows 11/Office 2024/Top Metal Cover/Backlit KB/Cosmic Blue/1.6Kg), 83K1010GIN","74,990",N/A,Lenovo,16GB,512GB,Blue,Intel
"MSI Modern 15, Intel 13th Gen. i5-1335U, 40CM FHD 60Hz Laptop (16GB/512GB NVMe SSD/Windows 11 Home/Iris Xe Graphics/Classic Black/1.7Kg), B13M-289IN","51,990",3.8,MSI,16GB,N/A,Black,Intel
"acer TravelLite Smart FHD TL04-51M Laptop, Intel Core i5 1334u 13th Gen 8 Core with 16GB Ram / 512GB NVMe SSD/Intel Iris Xe Graphics/Windows 11 / MS-Office / 14 Inch / 3 Year Brand Warranty","62,990",4.0,acer,16GB,N/A,N/A,Intel
"DELL PRO 15 (2025) AMD Ryzen 5 7520U Quad Core - (8 GB DDR5/512 GB SSD/AMD Radeon 610M Graphics/Windows 11 Home) Thin and Light Business Laptop/Backlit/15.6"" FHD Display/Black/1.5 kg/MSO 2021","51,790",3.4,DELL,DDR5,512GB,Black,AMD
"Acer Aspire 3 Laptop A325-42 | 15.6"" (39.6 cm) FHD IPS Display | AMD Ryzen 3 5400U | 8GB DDR4 RAM | 256GB NVMe SSD | Windows 11 Home | AMD Radeon Graphics | Wi-Fi 6 | Steel Gray | 1.78 Kg","40,999",N/A,Acer,8GB,N/A,Gray,AMD
"Apple 2026 MacBook Pro Laptop with M5 Pro chip with 15‑core CPU and 16‑core GPU: Built for AI, 35.97 cm (14.2″) Liquid Retina XDR Display, 24GB Unified Memory, 2TB SSD Storage; Silver","3,42,490",4.6,Apple,24GB,2TB,Silver,N/A
"Apple 2026 MacBook Air 13″ Laptop with M5 chip: AI and Apple Intelligence, 34.46 cm (13.6″) Liquid Retina Display, 16GB Unified Memory, 1TB SSD Storage, 12MP Center Stage Camera, Touch ID; Sky Blue","1,72,490",4.7,Apple,16GB,1TB,Blue,N/A
"Apple 2026 MacBook Neo 13″ Laptop with A18 Pro chip: Built for AI and Apple Intelligence, Liquid Retina Display, 8GB Unified Memory, 256GB SSD Storage, 1080p FaceTime HD Camera; Silver","73,990",4.7,Apple,8GB,256GB,Silver,N/A
"Acer Aspire 3 Laptop A325-42 | 15.6"" (39.6 cm) FHD IPS Display | AMD Ryzen 3 5400U | 8GB DDR4 RAM | 256GB NVMe SSD | Windows 11 Home | AMD Radeon Graphics | Wi-Fi 6 | Steel Gray | 1.78 Kg","40,999",N/A,Acer,8GB,N/A,Gray,AMD
"HP Victus, AMD Ryzen 7 7445HS, 6GB RTX 3050, 16GB DDR5(Upgradeable) 512GB SSD, 144Hz, IPS, 300nits, FHD, 15.6''/39.6cm, Win11, M365* Office24, Blue, 2.29kg, fb3125AX, Backlit, DTS Audio, Gaming Laptop","98,800",N/A,HP,6GB,512GB,Blue,AMD
"HP Omnibook 3, Snapdragon X Processor 45 Tops (16GB LPDDR5x,512GB SSD) 2K WUXGA, 14''/35.6cm, Win 11, M365*Office 24,Silver,1.42kg, hz0026QU/ hz0024QU, Lighter mini Charger, FHD IR Camera, AI Laptop","69,990",3.4,HP,16GB,512GB,Silver,Snapdragon
"Apple 2026 MacBook Pro Laptop with M5 Max chip with 18‑core CPU and 40‑core GPU: Built for AI, 41.05 cm (16.2″) Liquid Retina XDR Display, 48GB Unified Memory, 2TB SSD Storage; Space Black","5,89,990",4.3,Apple,48GB,2TB,Black,N/A
"Lenovo IdeaPad Slim 3 13th Gen Intel Core i3-1315U 15.6"" (39.6cm) FHD Thin and Light Laptop (8GB RAM/512GB SSD/Backlit Keyboard/FHD 1080p Camera/Windows 11/Office 2024/Grey/1.6Kg), 82X700M4IN","60,990",N/A,Lenovo,8GB,512GB,Grey,Intel
"HP 15 (2025), AMD Ryzen 3 7320U Quad Core - (16 GB/512 GB SSD/AMD Radeon Graphics/Windows 11 Home) Thin and Light Business Laptop/15.6"" FHD Display/Turbo Silver/1.5 kg/MS Office 2021","53,780",3.2,HP,N/A,512GB,Silver,AMD
"Apple 2026 MacBook Air 15″ Laptop with M5 chip: AI and Apple Intelligence, 38.91 cm (15.3″) Liquid Retina Display, 16GB Unified Memory, 1TB SSD Storage, 12MP Center Stage Camera, Touch ID; Silver","2,00,490",4.7,Apple,16GB,1TB,Silver,N/A
"Apple 2026 MacBook Neo 13"" Laptop with A18 Pro chip: Built for AI and Apple Intelligence, Liquid Retina Display, 8GB Unified Memory, 512GB SSD Storage, 1080p FaceTime HD Camera, Touch ID; Blush","83,490",4.8,Apple,8GB,512GB,N/A,N/A
"HP Professional 15 (2026), Intel (i3 14th Gen) Core 3 100U - (8 GB DDR5/512 GB SSD/Intel UHD Graphics/Windows 11 Pro) Thin & Light Business Laptop/15.6"" Display/Silver/Copilot Key/1.5kg/MS Office 2024","50,031",N/A,HP,DDR5,512GB,Silver,Intel
"Acer ALG, Intel Core7-240H Processor, NVIDIA GeForce RTX 3050-6GB DDR6, 16GB RAM, 512GB SSD, FHD 15.6""/39.62 cm, 144Hz, Windows 11 Home, Steel Gray, 1.99 KG, AL15G-53, Gaming Laptop","87,999",3.5,Acer,6GB,512GB,Gray,Intel
"MSI Prestige 16 AI Evo, Intel Core Ultra 7 155H, Built-in AI, 41CM QHD+ Thin and Light Laptop(16GB/1TB NVMe SSD/Windows 11 Home/Intel Arc Graphics/Stellar Grey/1.5Kg), B1MG-033IN","1,05,000",5.0,MSI,16GB,N/A,Grey,Intel
"Lenovo ThinkBook 14, Intel Core 5 210H, 16GB RAM, 1TB SSD, WUXGA IPS 14” (35.56cm), Win11 Home, Office 2024, Arctic Grey, 1.36Kg, 21SGA02XIG, Fingerprint, Backlit, 300 Nits, 1Y Onsite Warranty, Laptop","1,03,990",4.5,Lenovo,16GB,1TB,Grey,Intel
"HP Professional 15 (2026), Intel (i5 14th Gen) Core 5 120U - (8 GB/512 GB SSD/Intel Iris Xe Graphics/Windows 11 Home) Business Laptop/15.6"" FHD/Backlit + Fingerprint/Silver/Copilot Key/1.5kg/MSO 2024","61,490",5.0,HP,N/A,512GB,Silver,Intel
"Lenovo V14 G4 (2024), AMD Ryzen 3 7320U Quad Core - (8GB/512GB SSD/AMD Radeon Graphics 610M/Windows 11) Thin and Light Business Laptop/14 FHD Display/Silver/1.47 kg/MS Office 2021","48,990",4.0,Lenovo,8GB,512GB,Silver,AMD
"Dell Precision 7770 Mobile Workstation - 17.3"" FHD AG Display - 4.8 GHz Intel Core i7-12850HX 16-Core - 2TB SSD - 64GB RAM - NV RTX A4500 (16GB GDDR6) - Windows 11 Pro","3,49,990",N/A,Dell,64GB,2TB,N/A,Intel
"Acer Aspire 3, Intel Core 3-100U Processor, 8GB RAM/256GB SSD, 14.0""/35.56 cm, Full HD IPS Display, Windows 11 Home, Intel UHD Graphics, Steel Gray, 1.45 Kg, A324-53, Premium Thin and Light Laptop","46,990",N/A,Acer,8GB,256GB,Gray,Intel
"Acer TravelLite Thin Laptop AMD Ryzen 5 7430U (6-Core) |8GB RAM, 512GB SSD | 14"" Full HD Anti-Glare Display |Privacy Shutter| Windows 11| MS Office | Metal Body | 1.34Kg | Black | 30 Months Warranty","50,999",3.4,Acer,8GB,512GB,Black,AMD
"Lenovo IdeaPad Slim 3 AMD Ryzen 5 40 15.6"" (39.6cm) FHD Thin and Light Laptop (16GB RAM/512GB SSD/Backlit Keyboard/Windows 11/Microsoft 365 Basic + Office 2024/Grey/1.6Kg), 82XQ01HQIN","68,490",3.9,Lenovo,16GB,512GB,Grey,AMD
𝗟𝗲𝗻𝗼𝘃𝗼Model T490 | InteI Core i5 8th Gen Processor | 8GB RAM | 256GB SSD | 14-inch FHD Display | Win 10 pro | A+ Condition Laptop (Refab),"30,000",N/A,Unknown,8GB,256GB,N/A,N/A
"HP 14, AI Intel Celeron Laptop","79,932",N/A,HP,N/A,N/A,N/A,Intel
"Apple 2026 MacBook Pro Laptop with M5 Pro chip with 15‑core CPU and 16‑core GPU: Built for AI, 35.97 cm (14.2″) Liquid Retina XDR Display, 24GB Unified Memory, 2TB SSD Storage; Silver","3,42,490",4.6,Apple,24GB,2TB,Silver,N/A
"Apple 2026 MacBook Air 13″ Laptop with M5 chip: AI and Apple Intelligence, 34.46 cm (13.6″) Liquid Retina Display, 24GB Unified Memory, 1TB SSD Storage, 12MP Center Stage Camera, Touch ID; Midnight","1,94,990",4.8,Apple,24GB,1TB,N/A,N/A
"Apple 2026 MacBook Neo 13″ Laptop with A18 Pro chip: Built for AI and Apple Intelligence, Liquid Retina Display, 8GB Unified Memory, 256GB SSD Storage, 1080p FaceTime HD Camera; Silver","73,990",4.7,Apple,8GB,256GB,Silver,N/A
HP 15 Core i5 13th Gen (8GB RAM/512GB SSD/FHD/Windows 11/MS Office 21/Backlit Keyboard/15.6” (39.6cm)/Blue/1.59kg) fd0021TU Laptop,"63,990",4.0,HP,8GB,512GB,Blue,N/A
"Lenovo IdeaPad Slim 3 AMD Ryzen 5 40 15.6"" (39.6cm) FHD Thin and Light Laptop (16GB RAM/512GB SSD/Backlit Keyboard/Windows 11/Microsoft 365 Basic + Office 2024/Grey/1.6Kg), 82XQ01HQIN","68,490",3.9,Lenovo,16GB,512GB,Grey,AMD
"HP 15 (i5 14th Gen), Intel Core 5, 16GB RAM (Upgradeable), 512GB SSD, FHD, Anti-Glare, 15.6''/39.6cm, Win11, M365 Basic(1yr), Office24, Silver,1.59kg, fd0682tu, FHD Camera w/Shutter, Backlit Laptop","75,990",3.6,HP,16GB,512GB,Silver,Intel
"Apple 2026 MacBook Pro Laptop with M5 Pro chip with 18‑core CPU and 20‑core GPU: Built for AI, 41.05 cm (16.2″) Liquid Retina XDR Display, 24GB Unified Memory, 1TB SSD Storage; Silver","3,42,490",4.5,Apple,24GB,1TB,Silver,N/A
"HP Professional 14 (2026), Intel Core i3 13th Gen 1315U - (8 GB/512 GB SSD/Intel Graphics/Windows 11 Pro) Thin and Light Business Laptop/14.0"" HD Display/Turbo Silver/1.4 Kg/MSO 2024","60,999",3.0,HP,N/A,512GB,Silver,Intel
"MSI Prestige 16 AI Evo, Intel Core Ultra 7 155H, Built-in AI, 41CM QHD+ Thin and Light Laptop(16GB/1TB NVMe SSD/Windows 11 Home/Intel Arc Graphics/Stellar Grey/1.5Kg), B1MG-033IN","1,05,000",5.0,MSI,16GB,N/A,Grey,Intel
"Apple 2026 MacBook Air 15″ Laptop with M5 chip: AI and Apple Intelligence, 38.91 cm (15.3″) Liquid Retina Display, 16GB Unified Memory, 1TB SSD Storage, 12MP Center Stage Camera, Touch ID; Silver","2,00,490",4.7,Apple,16GB,1TB,Silver,N/A
"Apple 2026 MacBook Neo 13"" Laptop with A18 Pro chip: Built for AI and Apple Intelligence, Liquid Retina Display, 8GB Unified Memory, 512GB SSD Storage, 1080p FaceTime HD Camera, Touch ID; Blush","83,490",4.8,Apple,8GB,512GB,N/A,N/A
"Acer ALG, Intel Core7-240H Processor, NVIDIA GeForce RTX 3050-6GB DDR6, 16GB RAM, 512GB SSD, FHD 15.6""/39.62 cm, 144Hz, Windows 11 Home, Steel Gray, 1.99 KG, AL15G-53, Gaming Laptop","87,999",3.5,Acer,6GB,512GB,Gray,Intel
"Dell Pro 15, Intel Core i5 1334U, 8GB DDR5 RAM, 512GB New Gen SSD,15.6"" FHD+ Display, Backlit Keyboard, Win11 Pro, MSO 2021, Premium Professional Laptop with 3 Years Warranty Antivirus","64,810",4.7,Dell,8GB,N/A,N/A,Intel
"HP Omnibook 3, Snapdragon X Processor 45 Tops (16GB LPDDR5x,512GB SSD) 2K WUXGA, 14''/35.6cm, Win 11, M365*Office 24,Silver,1.42kg, hz0026QU/ hz0024QU, Lighter mini Charger, FHD IR Camera, AI Laptop","69,990",3.4,HP,16GB,512GB,Silver,Snapdragon
"Lenovo Smartchoice LOQ, Intel Core i5-12450HX, 12th Gen, RTX 3050-6GB, 16GB RAM, 512GB SSD, FHD 144Hz 300Nits, 15.6""/39.6cm, Windows 11, MS Office 21, Grey, 2.4Kg, 83GS003UIN, Gaming Laptop","96,500",4.0,Lenovo,6GB,512GB,Grey,Intel
"HP 15 (i5 14th Gen), Intel Core 5, 16GB RAM (Upgradeable), 512GB SSD, FHD, Anti-Glare, 15.6''/39.6cm, Win11, M365 Basic(1yr), Office24, Silver,1.59kg, fd0682tu, FHD Camera w/Shutter, Backlit Laptop","75,990",3.6,HP,16GB,512GB,Silver,Intel
"Acer Aspire 3, Intel Core 3-100U Processor, 8GB RAM/256GB SSD, 14.0""/35.56 cm, Full HD IPS Display, Windows 11 Home, Intel UHD Graphics, Steel Gray, 1.45 Kg, A324-53, Premium Thin and Light Laptop","46,990",N/A,Acer,8GB,256GB,Gray,Intel
"ASUS Zenbook Duo (2026),Smartchoice,Intel Core Ultra 7 (Series 3),32GB RAM,1TB SSD,3K OLED,Touchscreen,14""(35.5 cm),Win 11,M365 Basic(1Y),Office 24,Moher Gray,1.65 Kg, UX8407AA-SN183WS,Copilot+ PC","2,99,990",N/A,ASUS,32GB,1TB,Gray,Intel
"HP Elitebook 650 G10 15.6"" FHD Business Laptop Computer, 13th Gen Intel 10-Core i5-1335U (Beat i7-1270P), 32GB DDR4 RAM, 1TB PCIe SSD, WiFi 6E, Bluetooth 5.3, Backlit KB, FR, Windows 11 Pro, AZ-XUT","1,25,990",4.2,HP,32GB,N/A,N/A,Intel
"Dell 15 (Previously Inspiron), AMD Ryzen 5-7530U, 16GB RAM, 512GB SSD, FHD IPS, 15.6""/39.62cm, Win 11, MSO 2024, Platinum Silver, 1.67kg,Standard Keyboard, 12 Month McAfee, Thin & Light, Laptop",N/A,3.0,Dell,16GB,512GB,Silver,AMD
"Lenovo IdeaPad Slim 5, Intel Core i5-12450H, 12th Gen, 16GB RAM, 1TB SSD, WUXGA IPS 300Nits, 14""/36cm, Windows 11, Office 21, Grey, 1.46Kg, 83BF0043IN, BacklitKB,FHD Camera,Alexa,3Mon Game Pass Laptop","69,999",4.1,Lenovo,16GB,1TB,Grey,Intel
"Lenovo IdeaPad Slim 3 13th Gen Intel Core i7 13620H, 16GB RAM, 512GB SSD, WUXGA IPS, 15.3""/38.8cm, Win 11, Office 2024, Top Metal Cover Grey, 1.6Kg, 83K100CJIN/S1IN, Backlit KB, Laptop",N/A,4.1,Lenovo,16GB,512GB,Grey,Intel
"Lenovo ThinkBook 16, AMD Ryzen 5 7535HS, 16GB RAM, 512GB SSD, WUXGA IPS 16"", Windows 11 Home, Office 2024, 1.7kg, 21MWA0BSIN, Backlit Keyboard, Fingerprint, 300 Nits, 1Y Warranty, Aluminium Top Laptop","82,970",4.0,Lenovo,16GB,512GB,N/A,AMD
𝗟𝗲𝗻𝗼𝘃𝗼Model T490 | InteI Core i5 8th Gen Processor | 8GB RAM | 256GB SSD | 14-inch FHD Display | Win 10 pro | A+ Condition Laptop (Refab),"30,000",N/A,Unknown,8GB,256GB,N/A,N/A
"Apple 2026 MacBook Pro Laptop with M5 Max chip with 18‑core CPU and 32‑core GPU: Built for AI, 35.97 cm (14.2″) Liquid Retina XDR Display, 36GB Unified Memory, 2TB SSD Storage; Space Black","4,64,490",5.0,Apple,36GB,2TB,Black,N/A
"Apple 2026 MacBook Air 13″ Laptop with M5 chip: AI and Apple Intelligence, 34.46 cm (13.6″) Liquid Retina Display, 16GB Unified Memory, 1TB SSD Storage, 12MP Center Stage Camera, Touch ID; Sky Blue","1,72,490",4.7,Apple,16GB,1TB,Blue,N/A
"HP 15 (i5 14th Gen), Intel Core 5, 16GB RAM (Upgradeable), 512GB SSD, FHD, Anti-Glare, 15.6''/39.6cm, Win11, M365 Basic(1yr), Office24, Silver,1.59kg, fd0682tu, FHD Camera w/Shutter, Backlit Laptop","75,990",3.6,HP,16GB,512GB,Silver,Intel
"HP 15 Business Edition (2025), Intel Core i3 13th Gen 1315U | 16GB RAM | 512GB NVMe SSD | Windows 11 Pro | 15.6"" FHD IPS Anti-Glare Micro-Edge Display | Ultra-Light 1.59kg | Silver | MS Office 2024","65,990",3.0,HP,16GB,N/A,Silver,Intel
"Lenovo Yoga Pro 7 Aura Edition Intel Evo Core Ultra 9 285H (32GB RAM/1TB SSD/14.5"" (36.8cm)/3K OLED Touchscreen/AI PC/Copilot+ PC/Windows 11/Office Home 2024 AI Now/Grey/1.5Kg), 83KF004CIN","1,93,990",N/A,Lenovo,32GB,1TB,Grey,Intel
"Apple 2026 MacBook Neo 13″ Laptop with A18 Pro chip: Built for AI and Apple Intelligence, Liquid Retina Display, 8GB Unified Memory, 256GB SSD Storage, 1080p FaceTime HD Camera; Silver","73,990",4.7,Apple,8GB,256GB,Silver,N/A
"Apple 2026 MacBook Pro Laptop with M5 Max chip with 18‑core CPU and 40‑core GPU: Built for AI, 41.05 cm (16.2″) Liquid Retina XDR Display, 48GB Unified Memory, 2TB SSD Storage; Space Black","5,89,990",4.3,Apple,48GB,2TB,Black,N/A
"Lenovo V14, Intel Core i5-13420H, 8GB RAM, 512GB SSD, FHD 14” (35.56cm), Windows 11 Home, Luna Grey, 1.37Kg, 83GUA052IG, 250 Nits, 1Y Onsite Warranty, Laptop","58,700",N/A,Lenovo,8GB,512GB,Grey,Intel
"Lenovo Smartchoice LOQ, Intel Core i5-12450HX, 12th Gen, RTX 3050-6GB, 16GB RAM, 512GB SSD, FHD 144Hz 300Nits, 15.6""/39.6cm, Windows 11, MS Office 21, Grey, 2.4Kg, 83GS003UIN, Gaming Laptop","96,500",4.0,Lenovo,6GB,512GB,Grey,Intel
"Apple 2026 MacBook Air 15″ Laptop with M5 chip: AI and Apple Intelligence, 38.91 cm (15.3″) Liquid Retina Display, 16GB Unified Memory, 1TB SSD Storage, 12MP Center Stage Camera, Touch ID; Silver","2,00,490",4.7,Apple,16GB,1TB,Silver,N/A
"Apple 2026 MacBook Neo 13"" Laptop with A18 Pro chip: Built for AI and Apple Intelligence, Liquid Retina Display, 8GB Unified Memory, 512GB SSD Storage, 1080p FaceTime HD Camera, Touch ID; Blush","83,490",4.8,Apple,8GB,512GB,N/A,N/A
"Lenovo ThinkBook 16, AMD Ryzen 5 7535HS, 16GB RAM, 512GB SSD, WUXGA IPS 16"", Windows 11 Home, Office 2024, 1.7kg, 21MWA0BSIN, Backlit Keyboard, Fingerprint, 300 Nits, 1Y Warranty, Aluminium Top Laptop","82,970",4.0,Lenovo,16GB,512GB,N/A,AMD
"Dell Pro 15, Intel Core i5 1334U, 8GB DDR5 RAM, 512GB New Gen SSD,15.6"" FHD+ Display, Backlit Keyboard, Win11 Pro, MSO 2021, Premium Professional Laptop with 3 Years Warranty Antivirus","64,810",4.7,Dell,8GB,N/A,N/A,Intel
"acer Aspire Lite, AMD Ryzen 3-7330U, 16GB RAM, 512GB SSD, Full HD IPS, 15.6""/39.62 cm, Windows 11 Home, Steel Gray, 1.6 KG, AL15-41, Metal Body, Premium Thin and Light Laptop","51,990",3.3,acer,16GB,512GB,Gray,AMD
"HP Elitebook 650 G10 15.6"" FHD Business Laptop Computer, 13th Gen Intel 10-Core i5-1335U (Beat i7-1270P), 32GB DDR4 RAM, 1TB PCIe SSD, WiFi 6E, Bluetooth 5.3, Backlit KB, FR, Windows 11 Pro, AZ-XUT","1,25,990",4.2,HP,32GB,N/A,N/A,Intel
"HP 15 (i5 14th Gen), Intel Core 5, 16GB RAM (Upgradeable), 512GB SSD, FHD, Anti-Glare, 15.6''/39.6cm, Win11, M365 Basic(1yr), Office24, Silver,1.59kg, fd0682tu, FHD Camera w/Shutter, Backlit Laptop","75,990",3.6,HP,16GB,512GB,Silver,Intel
"HP 15 Laptop | Intel Core i5-13420H,13th Gen |16GB RAM | 512GB SSD | Win 11 |M365 Basic(1yr)* Office24|Anti-Glare, Micro-Edge, 15.6''/39.6cm|Backlit KB|FHD Camera w/Shutter|1.65kg, Silver -FR0045TU","68,990",3.6,HP,16GB,512GB,Silver,Intel
"HP 15, (i3 14th Gen) Intel Core 3 100U (8GB DDR5, 512GB SSD), Win11, M365* Office24, Micro-Edge, Anti-Glare,15.6''/39.6cm,Silver, 1.59kg,FHD Camera with Privact Shutter, Dual Speakers Laptop-fd0883TU","56,000",4.2,HP,8GB,512GB,Silver,Intel
"Lenovo LOQ 13th Gen Intel Core i7-13650HX 15.6"" (39.6cm) 144Hz 300Nits FHD Gaming Laptop (16GB/512GB SSD/Win 11/NVIDIA RTX 4050 6GB/1Yr ADP Free/MSO 24/Grey/2.3Kg), 83DV01A5IN",N/A,3.6,Lenovo,16GB,512GB,Grey,Intel
"acer Aspire Lite,13th Gen, Intel Core i5-13420H Processor, 16 GB RAM, 512 GB SSD, Full HD IPS, 15.6""/39.62 cm, Windows 11 Home, MS Office, Pure Silver, 1.70 kg, AL15-52H, Thin and Light Laptop","64,390",3.8,acer,RAM,512GB,Silver,Intel
"HP 14, 13th Gen Intel Core i7-1355U Turbo Boost, 32GB DDR4, 1TB SSD, (Win 11 Pro, Office 21, Silver, 1.36kg), Anti-Glare, 14-inch(35.56cm) FHD Laptop, Iris Xe Graphics, Backlit Keyboard 240 G10","1,03,990",3.3,HP,32GB,1TB,Silver,Intel
"ASUS Zenbook A14 (2026),Smartchoice,Snapdragon X2 Elite,NPU Upto 80TOPS,16GB RAM,512GB SSD,FHD+ OLED, 14""(35.5 cm),Win 11,M365 Basic(1Y),Office 24,Iceland Gray,0.99 Kg,UX3407NA-QD226WS,AI PC","1,67,990",5.0,ASUS,16GB,512GB,Gray,Snapdragon
"Lenovo IdeaPad Slim 3 13th Gen Intel Core i7 13620H, 16GB RAM, 512GB SSD, WUXGA IPS, 15.3""/38.8cm, Win 11, Office 2024, Top Metal Cover Grey, 1.6Kg, 83K100CJIN/S1IN, Backlit KB, Laptop",N/A,4.1,Lenovo,16GB,512GB,Grey,Intel
"Apple 2026 MacBook Pro Laptop with M5 Pro chip with 15‑core CPU and 16‑core GPU: Built for AI, 35.97 cm (14.2″) Liquid Retina XDR Display, 24GB Unified Memory, 2TB SSD Storage; Silver","3,42,490",4.6,Apple,24GB,2TB,Silver,N/A
"Apple 2026 MacBook Air 13″ Laptop with M5 chip: AI and Apple Intelligence, 34.46 cm (13.6″) Liquid Retina Display, 24GB Unified Memory, 1TB SSD Storage, 12MP Center Stage Camera, Touch ID; Midnight","1,94,990",4.8,Apple,24GB,1TB,N/A,N/A
"HP Omnibook 3, Snapdragon X Processor 45 Tops (16GB LPDDR5x,512GB SSD) 2K WUXGA, 14''/35.6cm, Win 11, M365*Office 24,Silver,1.42kg, hz0026QU/ hz0024QU, Lighter mini Charger, FHD IR Camera, AI Laptop","69,990",3.4,HP,16GB,512GB,Silver,Snapdragon
"HP OmniBook X Flip OLED Intel Core Ultra 5 226V, 40 Tops (16GB LPDDR5x,1TB SSD) 3K, Touch, 120hz, 14''/35.6cm, Intel ARC Graphic,Win11, Office24, Meteor Silver, 1.38kg, fm0099TU,Pen, 2 in 1 AI Laptop","1,15,990",3.6,HP,16GB,1TB,Silver,Intel
"𝗗𝗲𝗹𝗹Laptop Model 3410 Business Laptop | Core i5 10th Gen | 8GB DDR4 RAM | 256GB SSD | 14"" Full HD Display | Win 10 | A+Condition (Pre-Owned & Tested)","31,900",N/A,Unknown,8GB,256GB,N/A,N/A
"Dell 15 (Previously Inspiron), R5-7520U Processor, 8GB LPDDR5 RAM, 512GB SSD, FHD 15.6""/39.62 cm Display, Windows 11 Home, Carbon Black, 1.63kg, Standard Keyboard, 15 Month McAfee, Thin & Light Laptop","53,990",2.0,Dell,8GB,512GB,Black,N/A
"Apple 2026 MacBook Air 15″ Laptop with M5 chip: AI and Apple Intelligence, 38.91 cm (15.3″) Liquid Retina Display, 24GB Unified Memory, 1TB SSD Storage, 12MP Center Stage Camera, Touch ID; Midnight","2,22,990",5.0,Apple,24GB,1TB,N/A,N/A
"Apple 2026 MacBook Neo 13″ Laptop with A18 Pro chip: Built for AI and Apple Intelligence, Liquid Retina Display, 8GB Unified Memory, 256GB SSD Storage, 1080p FaceTime HD Camera; Silver","73,990",4.7,Apple,8GB,256GB,Silver,N/A
"Apple 2026 MacBook Neo 13″ Laptop with A18 Pro chip: Built for AI and Apple Intelligence, Liquid Retina Display, 8GB Unified Memory, 256GB SSD Storage, 1080p FaceTime HD Camera; Citrus","73,990",4.8,Apple,8GB,256GB,N/A,N/A
"Apple 2026 MacBook Pro Laptop with M5 Max chip with 18‑core CPU and 32‑core GPU: Built for AI, 41.05 cm (16.2″) Liquid Retina XDR Display, 36GB Unified Memory, 2TB SSD Storage; Silver","5,13,990",2.4,Apple,36GB,2TB,Silver,N/A
"Dell 15 AI Powered Laptop, Intel Core Ultra 5 225H, 16GB DDR5 RAM, 512GB SSD, 15.6"" FHD Anti-Glare Display, Intel Arc Graphics, Dedicated Copilot Key, Backlit Keyboard, Silver, Win11 Home + MSO H&S'24","87,990",4.1,Dell,16GB,512GB,Silver,Intel
"Apple 2026 MacBook Pro Laptop with M5 Pro chip with 15‑core CPU and 16‑core GPU: Built for AI, 35.97 cm (14.2″) Liquid Retina XDR Display, 24GB Unified Memory, 2TB SSD Storage; Silver","3,42,490",4.6,Apple,24GB,2TB,Silver,N/A
"Apple 2026 MacBook Air 13″ Laptop with M5 chip: AI and Apple Intelligence, 34.46 cm (13.6″) Liquid Retina Display, 24GB Unified Memory, 1TB SSD Storage, 12MP Center Stage Camera, Touch ID; Midnight","1,94,990",4.8,Apple,24GB,1TB,N/A,N/A
"HP Omnibook 3, Snapdragon X Processor 45 Tops (16GB LPDDR5x,512GB SSD) 2K WUXGA, 14''/35.6cm, Win 11, M365*Office 24,Silver,1.42kg, hz0026QU/ hz0024QU, Lighter mini Charger, FHD IR Camera, AI Laptop","69,990",3.4,HP,16GB,512GB,Silver,Snapdragon
"Apple 2026 MacBook Neo 13″ Laptop with A18 Pro chip: Built for AI and Apple Intelligence, Liquid Retina Display, 8GB Unified Memory, 256GB SSD Storage, 1080p FaceTime HD Camera; Silver","73,990",4.7,Apple,8GB,256GB,Silver,N/A
"Apple 2026 MacBook Pro Laptop with M5 Pro chip with 18‑core CPU and 20‑core GPU: Built for AI, 41.05 cm (16.2″) Liquid Retina XDR Display, 24GB Unified Memory, 1TB SSD Storage; Silver","3,42,490",4.5,Apple,24GB,1TB,Silver,N/A
"Apple 2026 MacBook Air 15″ Laptop with M5 chip: AI and Apple Intelligence, 38.91 cm (15.3″) Liquid Retina Display, 16GB Unified Memory, 1TB SSD Storage, 12MP Center Stage Camera, Touch ID; Silver","2,00,490",4.7,Apple,16GB,1TB,Silver,N/A
"Apple 2026 MacBook Neo 13"" Laptop with A18 Pro chip: Built for AI and Apple Intelligence, Liquid Retina Display, 8GB Unified Memory, 512GB SSD Storage, 1080p FaceTime HD Camera, Touch ID; Blush","83,490",4.8,Apple,8GB,512GB,N/A,N/A
"Apple 2026 MacBook Pro Laptop with M5 Pro chip with 15‑core CPU and 16‑core GPU: Built for AI, 35.97 cm (14.2″) Liquid Retina XDR Display, 24GB Unified Memory, 2TB SSD Storage; Silver","3,42,490",4.6,Apple,24GB,2TB,Silver,N/A
"Apple 2026 MacBook Air 13″ Laptop with M5 chip: AI and Apple Intelligence, 34.46 cm (13.6″) Liquid Retina Display, 24GB Unified Memory, 1TB SSD Storage, 12MP Center Stage Camera, Touch ID; Midnight","1,94,990",4.8,Apple,24GB,1TB,N/A,N/A
"Apple 2026 MacBook Neo 13″ Laptop with A18 Pro chip: Built for AI and Apple Intelligence, Liquid Retina Display, 8GB Unified Memory, 256GB SSD Storage, 1080p FaceTime HD Camera; Silver","73,990",4.7,Apple,8GB,256GB,Silver,N/A
"Dell 15 (Previously Inspiron), R5-7520U Processor, 8GB LPDDR5 RAM, 512GB SSD, FHD 15.6""/39.62 cm Display, Windows 11 Home, Carbon Black, 1.63kg, Standard Keyboard, 15 Month McAfee, Thin & Light Laptop","53,990",2.0,Dell,8GB,512GB,Black,N/A
"Apple 2026 MacBook Pro Laptop with M5 Pro chip with 18‑core CPU and 20‑core GPU: Built for AI, 41.05 cm (16.2″) Liquid Retina XDR Display, 24GB Unified Memory, 1TB SSD Storage; Silver","3,42,490",4.5,Apple,24GB,1TB,Silver,N/A
"Apple 2026 MacBook Air 15″ Laptop with M5 chip: AI and Apple Intelligence, 38.91 cm (15.3″) Liquid Retina Display, 16GB Unified Memory, 1TB SSD Storage, 12MP Center Stage Camera, Touch ID; Silver","2,00,490",4.7,Apple,16GB,1TB,Silver,N/A
"Apple 2026 MacBook Neo 13"" Laptop with A18 Pro chip: Built for AI and Apple Intelligence, Liquid Retina Display, 8GB Unified Memory, 512GB SSD Storage, 1080p FaceTime HD Camera, Touch ID; Blush","83,490",4.8,Apple,8GB,512GB,N/A,N/A
"HP 15 (i5 14th Gen), Intel Core 5, 16GB RAM (Upgradeable), 512GB SSD, FHD, Anti-Glare, 15.6''/39.6cm, Win11, M365 Basic(1yr), Office24, Silver,1.59kg, fd0682tu, FHD Camera w/Shutter, Backlit Laptop","75,990",3.6,HP,16GB,512GB,Silver,Intel
"HP Omnibook 3, Snapdragon X Processor 45 Tops (16GB LPDDR5x,512GB SSD) 2K WUXGA, 14''/35.6cm, Win 11, M365*Office 24,Silver,1.42kg, hz0026QU/ hz0024QU, Lighter mini Charger, FHD IR Camera, AI Laptop","69,990",3.4,HP,16GB,512GB,Silver,Snapdragon
"Apple 2026 MacBook Pro Laptop with M5 Pro chip with 15‑core CPU and 16‑core GPU: Built for AI, 35.97 cm (14.2″) Liquid Retina XDR Display, 24GB Unified Memory, 2TB SSD Storage; Silver","3,42,490",4.6,Apple,24GB,2TB,Silver,N/A
"Apple 2026 MacBook Air 13″ Laptop with M5 chip: AI and Apple Intelligence, 34.46 cm (13.6″) Liquid Retina Display, 24GB Unified Memory, 1TB SSD Storage, 12MP Center Stage Camera, Touch ID; Midnight","1,94,990",4.8,Apple,24GB,1TB,N/A,N/A
"Apple 2026 MacBook Neo 13″ Laptop with A18 Pro chip: Built for AI and Apple Intelligence, Liquid Retina Display, 8GB Unified Memory, 256GB SSD Storage, 1080p FaceTime HD Camera; Silver","73,990",4.7,Apple,8GB,256GB,Silver,N/A
"Apple 2026 MacBook Pro Laptop with M5 Pro chip with 18‑core CPU and 20‑core GPU: Built for AI, 41.05 cm (16.2″) Liquid Retina XDR Display, 24GB Unified Memory, 1TB SSD Storage; Silver","3,42,490",4.5,Apple,24GB,1TB,Silver,N/A
"Apple 2026 MacBook Air 15″ Laptop with M5 chip: AI and Apple Intelligence, 38.91 cm (15.3″) Liquid Retina Display, 16GB Unified Memory, 1TB SSD Storage, 12MP Center Stage Camera, Touch ID; Silver","2,00,490",4.7,Apple,16GB,1TB,Silver,N/A
"Apple 2026 MacBook Neo 13"" Laptop with A18 Pro chip: Built for AI and Apple Intelligence, Liquid Retina Display, 8GB Unified Memory, 512GB SSD Storage, 1080p FaceTime HD Camera, Touch ID; Blush","83,490",4.8,Apple,8GB,512GB,N/A,N/A
"Apple 2026 MacBook Pro Laptop with M5 Pro chip with 15‑core CPU and 16‑core GPU: Built for AI, 35.97 cm (14.2″) Liquid Retina XDR Display, 24GB Unified Memory, 2TB SSD Storage; Silver","3,42,490",4.6,Apple,24GB,2TB,Silver,N/A
"Apple 2026 MacBook Air 13″ Laptop with M5 chip: AI and Apple Intelligence, 34.46 cm (13.6″) Liquid Retina Display, 16GB Unified Memory, 1TB SSD Storage, 12MP Center Stage Camera, Touch ID; Sky Blue","1,72,490",4.7,Apple,16GB,1TB,Blue,N/A
"Dell 15 (Previously Inspiron), R5-7520U Processor, 8GB LPDDR5 RAM, 512GB SSD, FHD 15.6""/39.62 cm Display, Windows 11 Home, Carbon Black, 1.63kg, Standard Keyboard, 15 Month McAfee, Thin & Light Laptop","53,990",2.0,Dell,8GB,512GB,Black,N/A
"Dell 15 AI Powered Laptop, Intel Core Ultra 5 225H, 16GB DDR5 RAM, 512GB SSD, 15.6"" FHD Anti-Glare Display, Intel Arc Graphics, Dedicated Copilot Key, Backlit Keyboard, Silver, Win11 Home + MSO H&S'24","87,990",4.1,Dell,16GB,512GB,Silver,Intel
"HP Omnibook 3, Snapdragon X Processor 45 Tops (16GB LPDDR5x,512GB SSD) 2K WUXGA, 14''/35.6cm, Win 11, M365*Office 24,Silver,1.42kg, hz0026QU/ hz0024QU, Lighter mini Charger, FHD IR Camera, AI Laptop","69,990",3.4,HP,16GB,512GB,Silver,Snapdragon
"Apple 2026 MacBook Air 15″ Laptop with M5 chip: AI and Apple Intelligence, 38.91 cm (15.3″) Liquid Retina Display, 16GB Unified Memory, 1TB SSD Storage, 12MP Center Stage Camera, Touch ID; Midnight","2,00,490",4.7,Apple,16GB,1TB,N/A,N/A
"HP 15 (i5 14th Gen), Intel Core 5, 16GB RAM (Upgradeable), 512GB SSD, FHD, Anti-Glare, 15.6''/39.6cm, Win11, M365 Basic(1yr), Office24, Silver,1.59kg, fd0682tu, FHD Camera w/Shutter, Backlit Laptop","75,990",3.6,HP,16GB,512GB,Silver,Intel
"Apple 2026 MacBook Neo 13″ Laptop with A18 Pro chip: Built for AI and Apple Intelligence, Liquid Retina Display, 8GB Unified Memory, 256GB SSD Storage, 1080p FaceTime HD Camera; Silver","73,990",4.7,Apple,8GB,256GB,Silver,N/A
"Apple 2026 MacBook Pro Laptop with M5 Max chip with 18‑core CPU and 32‑core GPU: Built for AI, 41.05 cm (16.2″) Liquid Retina XDR Display, 36GB Unified Memory, 2TB SSD Storage; Space Black","5,13,990",2.4,Apple,36GB,2TB,Black,N/A
"Apple 2026 MacBook Pro Laptop with M5 Pro chip with 15‑core CPU and 16‑core GPU: Built for AI, 35.97 cm (14.2″) Liquid Retina XDR Display, 24GB Unified Memory, 2TB SSD Storage; Silver","3,42,490",4.6,Apple,24GB,2TB,Silver,N/A
"Apple 2026 MacBook Air 13″ Laptop with M5 chip: AI and Apple Intelligence, 34.46 cm (13.6″) Liquid Retina Display, 24GB Unified Memory, 1TB SSD Storage, 12MP Center Stage Camera, Touch ID; Midnight","1,94,990",4.8,Apple,24GB,1TB,N/A,N/A
"Apple 2026 MacBook Neo 13″ Laptop with A18 Pro chip: Built for AI and Apple Intelligence, Liquid Retina Display, 8GB Unified Memory, 256GB SSD Storage, 1080p FaceTime HD Camera; Silver","73,990",4.7,Apple,8GB,256GB,Silver,N/A
"Dell 15 (Previously Inspiron), R5-7520U Processor, 8GB LPDDR5 RAM, 512GB SSD, FHD 15.6""/39.62 cm Display, Windows 11 Home, Carbon Black, 1.63kg, Standard Keyboard, 15 Month McAfee, Thin & Light Laptop","53,990",2.0,Dell,8GB,512GB,Black,N/A
"HP Omnibook 3, Snapdragon X Processor 45 Tops (16GB LPDDR5x,512GB SSD) 2K WUXGA, 14''/35.6cm, Win 11, M365*Office 24,Silver,1.42kg, hz0026QU/ hz0024QU, Lighter mini Charger, FHD IR Camera, AI Laptop","69,990",3.4,HP,16GB,512GB,Silver,Snapdragon
"Dell 15 AI Powered Laptop, Intel Core Ultra 5 225H, 16GB DDR5 RAM, 512GB SSD, 15.6"" FHD Anti-Glare Display, Intel Arc Graphics, Dedicated Copilot Key, Backlit Keyboard, Silver, Win11 Home + MSO H&S'24","87,990",4.1,Dell,16GB,512GB,Silver,Intel
"HP 15 (i5 14th Gen), Intel Core 5, 16GB RAM (Upgradeable), 512GB SSD, FHD, Anti-Glare, 15.6''/39.6cm, Win11, M365 Basic(1yr), Office24, Silver,1.59kg, fd0682tu, FHD Camera w/Shutter, Backlit Laptop","75,990",3.6,HP,16GB,512GB,Silver,Intel
"Apple 2026 MacBook Neo 13″ Laptop with A18 Pro chip: Built for AI and Apple Intelligence, Liquid Retina Display, 8GB Unified Memory, 256GB SSD Storage, 1080p FaceTime HD Camera; Citrus","73,990",4.8,Apple,8GB,256GB,N/A,N/A
"Apple 2026 MacBook Pro Laptop with M5 Pro chip with 18‑core CPU and 20‑core GPU: Built for AI, 41.05 cm (16.2″) Liquid Retina XDR Display, 24GB Unified Memory, 1TB SSD Storage; Silver","3,42,490",4.5,Apple,24GB,1TB,Silver,N/A
"Apple 2026 MacBook Pro Laptop with M5 Pro chip with 15‑core CPU and 16‑core GPU: Built for AI, 35.97 cm (14.2″) Liquid Retina XDR Display, 24GB Unified Memory, 2TB SSD Storage; Silver","3,42,490",4.6,Apple,24GB,2TB,Silver,N/A
"Apple 2026 MacBook Air 13″ Laptop with M5 chip: AI and Apple Intelligence, 34.46 cm (13.6″) Liquid Retina Display, 24GB Unified Memory, 1TB SSD Storage, 12MP Center Stage Camera, Touch ID; Midnight","1,94,990",4.8,Apple,24GB,1TB,N/A,N/A
"Apple 2026 MacBook Neo 13″ Laptop with A18 Pro chip: Built for AI and Apple Intelligence, Liquid Retina Display, 8GB Unified Memory, 256GB SSD Storage, 1080p FaceTime HD Camera; Silver","73,990",4.7,Apple,8GB,256GB,Silver,N/A
"Dell 15 (Previously Inspiron), R5-7520U Processor, 8GB LPDDR5 RAM, 512GB SSD, FHD 15.6""/39.62 cm Display, Windows 11 Home, Carbon Black, 1.63kg, Standard Keyboard, 15 Month McAfee, Thin & Light Laptop","53,990",2.0,Dell,8GB,512GB,Black,N/A
"Dell 15 AI Powered Laptop, Intel Core Ultra 5 225H, 16GB DDR5 RAM, 512GB SSD, 15.6"" FHD Anti-Glare Display, Intel Arc Graphics, Dedicated Copilot Key, Backlit Keyboard, Silver, Win11 Home + MSO H&S'24","87,990",4.1,Dell,16GB,512GB,Silver,Intel
"HP Omnibook 3, Snapdragon X Processor 45 Tops (16GB LPDDR5x,512GB SSD) 2K WUXGA, 14''/35.6cm, Win 11, M365*Office 24,Silver,1.42kg, hz0026QU/ hz0024QU, Lighter mini Charger, FHD IR Camera, AI Laptop","69,990",3.4,HP,16GB,512GB,Silver,Snapdragon
"Apple 2026 MacBook Pro Laptop with M5 Max chip with 18‑core CPU and 40‑core GPU: Built for AI, 41.05 cm (16.2″) Liquid Retina XDR Display, 48GB Unified Memory, 2TB SSD Storage; Space Black","5,89,990",4.3,Apple,48GB,2TB,Black,N/A
"Apple 2026 MacBook Neo 13″ Laptop with A18 Pro chip: Built for AI and Apple Intelligence, Liquid Retina Display, 8GB Unified Memory, 256GB SSD Storage, 1080p FaceTime HD Camera; Citrus","73,990",4.8,Apple,8GB,256GB,N/A,N/A
"HP 15 (i5 14th Gen), Intel Core 5, 16GB RAM (Upgradeable), 512GB SSD, FHD, Anti-Glare, 15.6''/39.6cm, Win11, M365 Basic(1yr), Office24, Silver,1.59kg, fd0682tu, FHD Camera w/Shutter, Backlit Laptop","75,990",3.6,HP,16GB,512GB,Silver,Intel
"Dell 15 (Previously Inspiron), R5-7520U Processor, 8GB LPDDR5 RAM, 512GB SSD, FHD 15.6""/39.62 cm Display, Windows 11 Home, Carbon Black, 1.63kg, Standard Keyboard, 15 Month McAfee, Thin & Light Laptop","53,990",2.0,Dell,8GB,512GB,Black,N/A
"HP Omnibook 3, Snapdragon X Processor 45 Tops (16GB LPDDR5x,512GB SSD) 2K WUXGA, 14''/35.6cm, Win 11, M365*Office 24,Silver,1.42kg, hz0026QU/ hz0024QU, Lighter mini Charger, FHD IR Camera, AI Laptop","69,990",3.4,HP,16GB,512GB,Silver,Snapdragon
"Apple 2026 MacBook Neo 13″ Laptop with A18 Pro chip: Built for AI and Apple Intelligence, Liquid Retina Display, 8GB Unified Memory, 256GB SSD Storage, 1080p FaceTime HD Camera; Silver","73,990",4.7,Apple,8GB,256GB,Silver,N/A
"Apple 2026 MacBook Pro Laptop with M5 Max chip with 18‑core CPU and 32‑core GPU: Built for AI, 35.97 cm (14.2″) Liquid Retina XDR Display, 36GB Unified Memory, 2TB SSD Storage; Silver","4,75,490",5.0,Apple,36GB,2TB,Silver,N/A
"Apple 2026 MacBook Neo 13″ Laptop with A18 Pro chip: Built for AI and Apple Intelligence, Liquid Retina Display, 8GB Unified Memory, 256GB SSD Storage, 1080p FaceTime HD Camera; Citrus","73,990",4.8,Apple,8GB,256GB,N/A,N/A
"Dell 15 AI Powered Laptop, Intel Core Ultra 5 225H, 16GB DDR5 RAM, 512GB SSD, 15.6"" FHD Anti-Glare Display, Intel Arc Graphics, Dedicated Copilot Key, Backlit Keyboard, Silver, Win11 Home + MSO H&S'24","87,990",4.1,Dell,16GB,512GB,Silver,Intel
"Apple 2026 MacBook Air 13″ Laptop with M5 chip: AI and Apple Intelligence, 34.46 cm (13.6″) Liquid Retina Display, 24GB Unified Memory, 1TB SSD Storage, 12MP Center Stage Camera, Touch ID; Midnight","1,94,990",4.8,Apple,24GB,1TB,N/A,N/A
"Apple 2026 MacBook Pro Laptop with M5 Max chip with 18‑core CPU and 40‑core GPU: Built for AI, 41.05 cm (16.2″) Liquid Retina XDR Display, 48GB Unified Memory, 2TB SSD Storage; Space Black","5,89,990",4.3,Apple,48GB,2TB,Black,N/A
"HP 15 (i5 14th Gen), Intel Core 5, 16GB RAM (Upgradeable), 512GB SSD, FHD, Anti-Glare, 15.6''/39.6cm, Win11, M365 Basic(1yr), Office24, Silver,1.59kg, fd0682tu, FHD Camera w/Shutter, Backlit Laptop","75,990",3.6,HP,16GB,512GB,Silver,Intel
"Apple 2026 MacBook Pro Laptop with M5 Max chip with 18‑core CPU and 32‑core GPU: Built for AI, 35.97 cm (14.2″) Liquid Retina XDR Display, 36GB Unified Memory, 2TB SSD Storage; Space Black","4,64,490",5.0,Apple,36GB,2TB,Black,N/A
"Apple 2026 MacBook Neo 13″ Laptop with A18 Pro chip: Built for AI and Apple Intelligence, Liquid Retina Display, 8GB Unified Memory, 256GB SSD Storage, 1080p FaceTime HD Camera; Silver","73,990",4.7,Apple,8GB,256GB,Silver,N/A
"Apple 2026 MacBook Neo 13″ Laptop with A18 Pro chip: Built for AI and Apple Intelligence, Liquid Retina Display, 8GB Unified Memory, 256GB SSD Storage, 1080p FaceTime HD Camera; Citrus","73,990",4.8,Apple,8GB,256GB,N/A,N/A
"Apple 2026 MacBook Air 13″ Laptop with M5 chip: AI and Apple Intelligence, 34.46 cm (13.6″) Liquid Retina Display, 24GB Unified Memory, 1TB SSD Storage, 12MP Center Stage Camera, Touch ID; Midnight","1,94,990",4.8,Apple,24GB,1TB,N/A,N/A
"Apple 2026 MacBook Pro Laptop with M5 Max chip with 18‑core CPU and 40‑core GPU: Built for AI, 41.05 cm (16.2″) Liquid Retina XDR Display, 48GB Unified Memory, 2TB SSD Storage; Space Black","5,89,990",4.3,Apple,48GB,2TB,Black,N/A
"Dell 15 (Previously Inspiron), R5-7520U Processor, 8GB LPDDR5 RAM, 512GB SSD, FHD 15.6""/39.62 cm Display, Windows 11 Home, Carbon Black, 1.63kg, Standard Keyboard, 15 Month McAfee, Thin & Light Laptop","53,990",2.0,Dell,8GB,512GB,Black,N/A
"HP Omnibook 3, Snapdragon X Processor 45 Tops (16GB LPDDR5x,512GB SSD) 2K WUXGA, 14''/35.6cm, Win 11, M365*Office 24,Silver,1.42kg, hz0026QU/ hz0024QU, Lighter mini Charger, FHD IR Camera, AI Laptop","69,990",3.4,HP,16GB,512GB,Silver,Snapdragon
"Dell 15 AI Powered Laptop, Intel Core Ultra 5 225H, 16GB DDR5 RAM, 512GB SSD, 15.6"" FHD Anti-Glare Display, Intel Arc Graphics, Dedicated Copilot Key, Backlit Keyboard, Silver, Win11 Home + MSO H&S'24","87,990",4.1,Dell,16GB,512GB,Silver,Intel
"Apple 2026 MacBook Air 15″ Laptop with M5 chip: AI and Apple Intelligence, 38.91 cm (15.3″) Liquid Retina Display, 16GB Unified Memory, 1TB SSD Storage, 12MP Center Stage Camera, Touch ID; Silver","2,00,490",4.7,Apple,16GB,1TB,Silver,N/A
"Apple 2026 MacBook Pro Laptop with M5 Pro chip with 15‑core CPU and 16‑core GPU: Built for AI, 35.97 cm (14.2″) Liquid Retina XDR Display, 24GB Unified Memory, 2TB SSD Storage; Silver","3,42,490",4.6,Apple,24GB,2TB,Silver,N/A
"Apple 2026 MacBook Air 13″ Laptop with M5 chip: AI and Apple Intelligence, 34.46 cm (13.6″) Liquid Retina Display, 24GB Unified Memory, 1TB SSD Storage, 12MP Center Stage Camera, Touch ID; Midnight","1,94,990",4.8,Apple,24GB,1TB,N/A,N/A
"Apple 2026 MacBook Neo 13″ Laptop with A18 Pro chip: Built for AI and Apple Intelligence, Liquid Retina Display, 8GB Unified Memory, 256GB SSD Storage, 1080p FaceTime HD Camera; Silver","73,990",4.7,Apple,8GB,256GB,Silver,N/A
"Dell 15 (Previously Inspiron), R5-7520U Processor, 8GB LPDDR5 RAM, 512GB SSD, FHD 15.6""/39.62 cm Display, Windows 11 Home, Carbon Black, 1.63kg, Standard Keyboard, 15 Month McAfee, Thin & Light Laptop","53,990",2.0,Dell,8GB,512GB,Black,N/A
"HP Omnibook 3, Snapdragon X Processor 45 Tops (16GB LPDDR5x,512GB SSD) 2K WUXGA, 14''/35.6cm, Win 11, M365*Office 24,Silver,1.42kg, hz0026QU/ hz0024QU, Lighter mini Charger, FHD IR Camera, AI Laptop","69,990",3.4,HP,16GB,512GB,Silver,Snapdragon
"Dell 15 AI Powered Laptop, Intel Core Ultra 5 225H, 16GB DDR5 RAM, 512GB SSD, 15.6"" FHD Anti-Glare Display, Intel Arc Graphics, Dedicated Copilot Key, Backlit Keyboard, Silver, Win11 Home + MSO H&S'24","87,990",4.1,Dell,16GB,512GB,Silver,Intel
"Apple 2026 MacBook Air 15″ Laptop with M5 chip: AI and Apple Intelligence, 38.91 cm (15.3″) Liquid Retina Display, 16GB Unified Memory, 1TB SSD Storage, 12MP Center Stage Camera, Touch ID; Silver","2,00,490",4.7,Apple,16GB,1TB,Silver,N/A
"Apple 2026 MacBook Pro Laptop with M5 Pro chip with 18‑core CPU and 20‑core GPU: Built for AI, 41.05 cm (16.2″) Liquid Retina XDR Display, 24GB Unified Memory, 1TB SSD Storage; Space Black","3,42,490",4.5,Apple,24GB,1TB,Black,N/A
"Apple 2026 MacBook Neo 13"" Laptop with A18 Pro chip: Built for AI and Apple Intelligence, Liquid Retina Display, 8GB Unified Memory, 512GB SSD Storage, 1080p FaceTime HD Camera, Touch ID; Blush","83,490",4.8,Apple,8GB,512GB,N/A,N/A
